SA2_MAINCODE_2016,OO_DS_Sep_hse,OO_DS_Sde_row_or_ter_h_t,OO_DS_Flt_apt,OO_DS_Oth_dwel,OO_DS_NS,Owned_Outright_Total,OWM_DS_Sep_hse,OWM_DS_Sde_row_or_ter_h_t,OWM_DS_Flt_apt,OWM_DS_Oth_dwel,OWM_DS_NS,Owned_with_mortgage_Total,R_REA_DS_Sep_hse,R_REA_DS_Sde_row_or_ter_h_t,R_REA_DS_Flt_apt,R_REA_DS_Oth_dwel,R_REA_DS_NS,R_Real_estate_agent_Total,R_SteTer_h_auth_DS_Separat_hs,R_ST_h_aut_DS_Sd_r_ter_h_t,R_SteT_h_auth_DS_Flt_apt,R_SteTer_h_auth_DS_Oth_dwel,R_SteTer_h_auth_DS_NS,R_SteTer_h_auth_Total,R_Pn_not_s_hh_DS_Sep_hse,R_P_not_s_hh_DS_Sd_ro_ter_h_t,R_Pn_not_s_hh_DS_Flt_apt,R_Pn_not_s_hh_DS_Oth_dwel,R_Pn_not_s_hh_DS_NS,R_Psn_not_same_hh_Total,R_Hs_coop_c_ch_grp_DS_Sep_hse,R_Hs_cp_c_ch_g_DS_Sd_r_te_h_t,R_Hs_cp_c_ch_gp_DS_Flt_apt,R_Hs_coop_c_ch_grp_DS_Oth_dwe,R_Hs_coop_c_ch_grp_DS_NS,R_Hs_coop_c_ch_grp_Total,R_Oth_llord_type_DS_Sep_hse,R_Oth_lld_typ_DS_S_ro_ter_h_t,R_Oth_lld_type_DS_Flt_apt,R_Oth_llord_type_DS_Oth_dwel,R_Oth_llord_type_DS_NS,R_Oth_llord_type_Total,R_Llord_type_NS_DS_Sep_hse,R_Lld_ty_NS_DS_Sd_row_ter_h_t,R_Llord_typ_NS_DS_Flt_apt,R_Llord_type_NS_DS_Oth_dwel,R_Llord_type_NS_DS_NS,R_Llord_type_NS_Total,R_Total_DS_Sep_hse,R_Total_DS_Sde_row_or_ter_h_t,R_Total_DS_Flt_apt,R_Total_DS_Oth_dwel,R_Total_DS_NS,R_Total_Total,Oth_tenu_typ_DS_Sep_hse,Oth_ten_typ_DS_Sd_row_ter_h_t,Oth_tenu_typ_DS_Flt_apt,Oth_tenu_typ_DS_Oth_dwel,Oth_tenu_typ_DS_NS,Oth_tenu_typ_Total,Tenu_typ_NS_DS_Sep_hse,Ten_ty_NS_DS_Sd_row_ter_h_t,Tenu_typ_NS_DS_Flt_apt,Tenu_typ_NS_DS_Oth_dwel,Tenu_typ_NS_DS_NS,Tenu_typ_NS_Total,Total_DS_Sep_hse,Total_DS_Sde_row_or_ter_h_t,Total_DS_Flt_apt,Total_DS_Oth_dwel,Total_DS_NS,Total_Total
501011001,769,10,4,46,8,835,609,0,0,8,7,627,142,7,7,0,0,151,10,0,21,0,0,27,224,3,0,10,4,236,3,0,5,0,0,6,48,0,0,4,6,66,42,0,0,3,3,48,465,11,28,16,17,540,22,0,13,3,0,41,174,0,0,15,9,195,2038,25,50,94,38,2242
501011002,2632,265,0,293,5,3200,3125,106,3,12,10,3252,1132,188,4,0,3,1329,286,216,3,0,0,506,643,71,4,7,0,731,4,21,12,3,0,42,72,8,0,69,7,157,32,7,3,0,0,47,2177,527,22,76,15,2815,53,71,4,10,0,134,503,140,9,58,9,726,8485,1105,44,450,41,10128
501011003,1156,32,0,50,9,1250,1290,22,0,12,10,1336,346,24,0,0,0,375,10,12,0,0,0,21,321,18,6,3,7,347,0,0,0,0,0,0,61,4,0,11,0,78,34,4,0,3,0,41,772,64,6,17,7,868,43,0,0,3,0,43,268,8,0,20,4,304,3534,132,10,98,29,3806
501011004,765,9,0,29,5,810,1230,29,0,12,9,1277,355,57,0,0,0,420,44,30,3,0,0,77,366,20,3,9,5,392,12,0,3,0,0,18,28,0,0,53,3,83,23,0,0,0,0,25,835,104,12,59,10,1015,32,0,0,0,0,35,213,7,0,45,9,279,3077,151,10,138,33,3417
501021005,1548,58,7,45,3,1654,2850,26,3,3,3,2884,643,75,10,0,0,733,45,28,12,0,0,84,307,12,6,3,0,331,5,0,0,0,0,5,25,3,0,22,3,47,16,0,0,0,0,14,1041,126,32,26,3,1225,16,29,0,0,0,45,388,29,13,36,0,469,5836,259,51,111,15,6275
501021007,625,8,7,3,0,641,791,3,3,0,3,797,129,8,0,0,0,148,14,26,0,0,0,43,145,3,0,0,0,153,0,7,0,0,0,5,16,0,0,0,0,18,8,0,0,0,0,8,325,43,6,0,3,371,11,0,0,0,0,11,146,7,0,0,6,156,1893,54,17,9,11,1978
501021008,569,40,0,0,0,612,763,51,0,0,0,809,353,103,0,0,0,461,60,143,0,0,0,201,223,39,0,0,0,263,8,35,0,0,0,43,25,22,0,0,0,47,4,11,0,0,0,18,678,350,0,0,0,1027,6,8,0,0,0,20,186,62,0,0,0,253,2195,519,0,0,3,2716
501021009,1185,20,3,16,10,1231,1199,7,0,3,3,1209,235,29,4,0,0,268,123,31,11,0,0,162,238,10,0,0,0,245,3,3,0,0,0,6,33,3,0,7,0,40,17,3,0,0,0,26,648,77,12,3,4,749,17,3,0,5,0,17,283,20,3,3,0,303,3332,123,20,27,17,3519
501021010,406,3,0,25,0,433,435,0,0,3,3,440,43,3,0,0,0,51,0,0,0,0,0,0,97,4,0,0,0,105,0,0,0,0,0,0,16,0,0,11,0,20,13,0,0,0,0,19,170,6,0,11,3,187,10,0,0,0,0,10,79,0,0,0,3,79,1102,6,0,36,4,1154
501021011,0,0,0,4,0,4,0,0,0,0,0,3,0,0,0,0,0,0,0,0,0,0,0,0,0,0,0,0,0,0,0,0,0,0,0,0,0,0,0,0,0,0,0,0,0,0,0,0,0,0,0,0,0,0,0,0,0,0,0,0,0,0,0,0,0,0,3,0,0,3,0,5
501021012,1017,88,0,23,3,1139,1817,55,0,0,0,1880,462,70,0,0,5,531,28,12,0,0,0,37,270,21,0,0,0,301,5,0,0,0,0,11,23,0,0,13,0,47,8,0,0,0,0,9,792,111,0,20,9,930,65,21,0,0,0,87,234,38,5,25,5,298,3931,311,7,72,15,4333
501021014,1114,16,0,9,13,1150,1037,7,0,0,9,1051,231,7,4,0,0,239,63,36,6,0,0,108,300,26,0,3,4,331,7,8,0,0,0,12,55,5,0,3,0,63,27,3,0,4,0,38,679,92,10,11,5,790,23,12,0,0,0,38,279,15,0,35,15,350,3127,142,15,59,38,3382
501021015,703,48,54,8,4,818,887,45,6,0,5,949,294,94,8,0,0,396,44,38,0,0,0,80,200,50,12,0,0,260,4,7,0,0,0,19,24,5,0,3,0,41,15,0,0,0,0,14,577,197,26,3,3,809,11,5,48,0,0,60,157,37,10,13,0,213,2338,335,148,22,6,2846
501021016,533,7,12,0,4,559,516,4,4,10,0,533,96,15,4,0,0,117,11,0,11,0,0,28,107,6,9,3,0,125,3,0,0,0,0,3,16,0,0,5,0,21,16,0,0,0,3,17,243,23,34,7,4,306,3,0,12,0,0,15,139,14,8,21,6,191,1441,44,69,41,15,1604
501021251,415,3,0,0,0,420,1505,7,0,0,3,1511,466,15,3,0,0,485,50,48,58,0,0,151,153,3,0,0,0,159,3,3,40,0,0,46,7,0,0,0,0,12,11,3,0,0,0,15,687,74,100,0,0,868,9,3,0,0,0,5,155,11,12,0,0,174,2773,95,111,0,3,2983
501021252,413,0,0,3,0,414,437,0,0,4,0,443,19,0,3,0,0,25,0,0,0,0,0,0,31,0,0,0,0,31,0,0,0,0,0,0,0,0,0,0,0,0,3,0,0,0,0,3,55,0,3,0,0,53,3,0,0,0,0,3,50,0,0,0,0,51,952,0,3,5,0,966
501021253,1253,246,93,60,7,1656,1159,180,42,0,0,1383,392,368,156,3,3,919,18,52,10,0,0,72,297,158,56,0,0,503,8,3,51,0,0,64,33,15,12,3,0,60,23,13,8,0,0,40,764,599,293,8,5,1663,3,6,65,0,0,77,216,100,91,23,5,423,3395,1134,573,97,21,5213
501021254,383,11,0,34,0,431,652,26,0,3,0,688,232,43,60,0,0,344,118,184,0,0,0,304,141,12,3,0,0,160,3,0,0,0,0,7,10,3,0,22,0,34,12,4,0,0,0,13,517,252,66,24,0,858,10,4,0,0,0,13,143,45,19,18,0,230,1712,345,83,74,4,2218
501031017,1105,9,0,10,3,1121,807,0,0,7,0,818,139,3,9,0,0,157,43,13,0,0,0,52,193,0,4,0,0,205,4,5,0,0,0,14,48,3,0,0,0,49,36,0,0,0,0,35,462,26,11,0,5,509,25,10,0,0,0,37,218,7,3,30,0,255,2609,57,14,46,10,2741
501031018,857,10,3,8,8,884,809,9,0,9,8,830,90,8,0,0,0,103,21,16,0,0,0,38,169,5,0,0,3,181,3,7,0,0,0,10,29,0,0,0,0,29,20,0,0,0,0,23,333,32,4,3,3,373,17,3,0,0,0,22,213,15,0,3,0,232,2226,71,7,22,17,2343
501031019,726,9,4,10,3,754,630,9,4,0,0,648,210,15,45,0,0,270,79,34,18,0,0,128,146,7,3,0,0,163,3,3,19,0,0,23,28,3,0,3,0,34,21,0,3,0,0,24,488,69,92,3,0,650,17,0,0,3,0,18,139,18,14,0,0,163,1996,110,108,10,4,2235
501031020,905,0,0,30,11,943,505,3,0,17,3,525,129,8,0,3,0,137,17,4,4,0,0,29,154,9,0,11,3,170,0,3,3,0,0,5,55,0,0,3,5,65,34,0,0,3,0,39,394,25,11,15,10,447,44,3,0,0,3,46,212,5,3,17,8,243,2053,37,10,78,27,2204
502011021,818,23,8,39,0,892,1082,10,3,0,3,1102,233,21,15,0,0,275,0,19,0,0,0,15,122,15,9,7,0,147,0,8,0,0,0,8,9,3,0,9,4,22,12,0,0,0,0,15,385,59,19,17,3,482,9,0,0,3,0,11,136,6,10,22,0,181,2433,106,37,83,8,2666
502011022,1129,76,5,56,8,1264,1069,63,5,4,4,1149,440,72,0,0,3,516,0,4,0,0,0,8,258,31,0,0,0,300,3,5,0,0,0,7,14,3,0,0,0,16,16,0,0,0,0,20,742,118,0,0,5,861,28,9,0,0,0,35,198,20,0,15,0,232,3154,285,13,75,9,3541
502011023,878,232,3,0,3,1116,1307,47,5,0,0,1362,378,39,12,0,0,428,61,75,0,0,0,136,261,30,0,0,0,292,8,21,0,0,0,33,19,9,0,0,0,31,12,3,0,0,0,11,737,176,16,0,0,923,105,231,0,0,0,332,208,64,0,3,0,280,3233,754,24,3,3,4017
502011024,1987,486,51,0,4,2532,2393,95,14,0,3,2512,729,160,26,4,5,919,16,27,3,0,0,41,338,54,34,3,0,424,4,7,30,0,0,41,16,9,19,0,0,42,15,3,10,0,0,23,1113,250,119,3,3,1498,24,29,117,0,0,165,314,116,53,3,0,489,5840,980,360,13,13,7197
502011025,699,288,104,52,8,1153,486,180,105,0,0,768,514,418,154,0,3,1093,76,222,10,0,0,303,283,150,44,5,0,487,6,16,4,0,0,29,35,22,3,23,3,83,17,19,3,3,0,38,930,846,219,28,4,2034,15,44,3,3,0,60,222,141,48,59,0,472,2350,1501,473,151,15,4484
502011026,728,118,0,66,0,916,762,9,5,3,0,778,248,16,6,0,0,263,0,0,0,0,0,0,140,18,3,0,0,163,0,0,0,0,0,0,16,0,0,22,0,40,12,0,0,0,0,17,409,34,14,24,0,485,13,0,0,0,0,16,116,6,3,39,0,168,2033,176,16,130,5,2364
502011027,1210,53,58,3,0,1314,2968,58,0,0,5,3036,709,78,0,0,0,784,88,3,3,0,0,90,348,22,0,0,0,376,43,0,8,0,0,52,28,0,3,0,0,30,11,0,0,0,0,12,1226,103,9,0,0,1342,29,0,190,0,0,222,272,18,39,3,3,343,5706,240,297,9,10,6256
502011028,1308,138,28,0,0,1474,1143,71,10,0,4,1227,439,105,17,0,0,568,108,59,45,0,0,210,291,43,12,0,0,346,3,5,40,0,0,54,21,0,0,0,0,26,9,0,3,0,0,13,876,213,118,3,0,1212,15,10,6,0,0,31,283,45,18,3,0,351,3620,478,177,6,8,4294
502011029,945,49,0,60,9,1064,1354,10,0,14,4,1379,295,27,0,0,0,324,28,50,3,0,0,75,228,5,0,3,0,237,7,8,5,0,0,14,44,3,0,16,0,59,20,0,0,0,0,20,614,90,7,18,0,732,135,22,0,3,0,165,252,53,0,79,0,379,3303,220,5,169,11,3716
503011030,986,65,89,0,0,1140,639,18,9,0,0,671,149,17,5,0,0,170,0,0,0,0,0,0,91,9,4,0,0,103,0,0,8,0,0,8,5,0,3,0,0,4,3,0,0,0,0,3,247,28,14,0,0,287,10,0,88,0,0,94,88,9,24,0,0,115,1972,117,216,3,4,2311
503011031,749,358,191,0,0,1305,481,176,108,0,4,773,130,152,353,0,0,636,25,17,35,0,0,73,92,83,121,0,0,291,0,3,10,0,0,13,5,5,7,0,5,24,5,9,3,0,3,25,262,265,524,0,4,1058,15,0,56,0,3,72,79,75,201,0,7,367,1583,887,1079,0,22,3568
503011032,875,155,98,0,3,1132,587,90,62,0,0,743,183,94,214,0,0,493,3,0,0,0,0,3,125,55,96,0,0,282,0,0,0,0,0,0,4,0,0,0,0,10,9,3,3,0,0,16,328,155,318,0,0,807,11,0,0,0,0,17,113,37,58,0,0,211,1912,452,542,0,3,2910
503011033,1045,26,14,0,0,1090,1068,29,15,0,0,1116,156,19,13,0,0,183,0,0,0,0,0,0,119,3,3,0,0,126,0,0,0,0,0,0,3,0,0,0,0,3,5,0,0,0,0,5,281,28,13,0,0,320,7,3,0,0,0,10,77,0,3,0,0,85,2481,85,45,0,0,2614
503011034,1131,155,74,0,0,1364,857,101,117,0,0,1073,232,109,420,0,0,759,11,88,66,0,0,170,110,62,126,0,0,297,3,6,0,0,0,7,14,0,14,0,0,34,12,4,7,0,0,19,377,268,631,0,3,1283,19,33,0,0,0,54,124,65,149,0,0,340,2508,626,972,5,3,4115
503011035,1969,261,239,0,0,2477,1250,142,109,0,0,1510,505,270,459,0,3,1234,0,4,42,0,0,47,224,106,159,0,0,483,7,30,36,0,0,73,10,17,38,0,0,69,15,18,9,0,0,43,766,448,745,0,4,1958,18,24,18,0,0,60,157,48,103,0,5,316,4160,923,1221,0,14,6312
503011036,1010,169,79,0,0,1254,825,143,23,3,0,992,164,51,18,0,0,237,37,70,0,0,0,106,90,13,14,0,0,120,3,0,8,0,0,13,79,6,0,0,5,94,4,0,0,0,0,8,388,144,40,0,5,574,10,0,76,0,0,95,96,27,49,0,3,176,2326,486,271,8,9,3092
503021037,0,0,3,0,0,3,0,0,0,0,0,0,0,0,0,0,0,0,0,0,0,0,0,0,0,0,0,0,0,0,0,0,0,0,0,0,0,0,0,0,0,0,0,0,0,0,0,0,0,0,7,0,0,7,0,0,0,0,0,0,0,0,0,0,0,3,3,0,8,0,0,8
503021038,902,147,41,0,3,1089,1176,296,77,7,3,1555,312,265,146,14,0,744,29,65,3,0,0,101,250,101,37,6,0,391,3,13,0,0,0,13,12,12,6,0,0,26,8,5,0,0,0,15,615,458,196,21,0,1294,10,4,42,0,0,58,140,60,41,6,0,249,2835,967,394,37,5,4245
503021039,1469,269,132,4,3,1884,1466,375,295,3,0,2138,336,359,663,6,0,1363,12,24,78,4,0,111,272,157,227,0,4,655,0,4,107,0,0,107,14,3,21,0,0,40,10,6,3,0,0,26,638,549,1101,11,5,2304,23,3,34,0,0,55,207,123,279,11,0,619,3804,1318,1840,24,8,6993
503021040,835,145,27,0,0,1010,864,251,94,0,3,1219,286,147,175,4,4,607,12,41,38,0,0,83,211,70,43,0,3,332,5,10,3,0,0,20,10,4,0,0,0,19,12,4,0,0,0,17,532,280,261,4,5,1078,13,6,3,0,0,28,154,50,50,8,0,251,2397,733,428,11,11,3584
503021041,399,324,1104,18,11,1860,337,388,2254,9,12,3002,204,423,5052,12,29,5723,11,86,497,0,3,601,202,200,1254,7,10,1673,11,14,73,0,0,103,21,8,155,0,0,193,14,14,55,0,4,81,459,746,7095,24,48,8371,17,13,50,0,5,81,157,175,2053,263,21,2666,1358,1643,12553,313,97,15978
503021042,1362,361,351,0,4,2084,1080,320,308,3,3,1716,387,406,881,3,3,1678,11,58,257,0,3,325,248,185,256,0,0,693,3,0,26,0,0,32,15,20,26,0,0,59,6,8,12,0,0,32,665,677,1464,3,9,2810,19,11,138,0,0,160,140,107,329,8,7,583,3270,1469,2583,9,20,7355
503021043,1221,324,224,0,0,1776,1266,419,463,0,4,2160,347,367,1090,0,0,1798,10,87,73,0,0,166,210,138,391,3,3,737,3,11,16,0,0,37,12,4,61,0,0,73,19,10,17,0,0,47,592,618,1643,4,3,2864,20,9,10,0,0,38,232,129,328,7,4,700,3342,1494,2671,17,14,7537
504011044,1510,197,57,0,0,1760,1980,277,60,0,8,2322,495,197,46,0,3,745,134,151,47,0,0,326,381,96,22,0,0,494,23,20,0,0,0,41,26,10,0,0,0,33,18,5,0,0,0,27,1075,475,112,0,6,1670,20,23,0,0,0,47,267,82,15,3,3,372,4849,1050,251,7,12,6172
504011045,2066,259,24,3,8,2355,3132,352,48,3,9,3545,904,216,85,0,0,1200,165,249,11,0,0,420,614,143,41,0,3,793,16,45,0,0,0,64,32,19,0,0,0,56,28,9,0,0,0,36,1760,678,131,0,4,2575,34,78,3,0,0,120,434,118,29,8,4,581,7421,1488,234,15,29,9176
504011046,551,239,197,0,4,992,719,599,409,0,3,1739,256,628,763,0,3,1649,10,156,147,0,0,315,156,252,305,0,3,724,4,12,11,0,0,27,9,15,49,0,0,72,13,4,12,0,0,24,439,1066,1287,0,7,2806,8,12,9,0,0,31,98,185,255,9,3,547,1821,2101,2157,13,25,6115
504011047,2553,292,5,0,6,2854,2223,430,12,0,9,2664,818,321,3,0,6,1153,43,36,0,0,0,80,656,180,7,0,0,838,9,21,0,0,0,21,73,23,3,0,0,96,24,9,0,0,0,35,1623,583,14,4,7,2227,27,26,0,0,0,56,422,137,3,5,4,573,6850,1462,32,7,22,8370
504011048,1211,124,4,0,0,1344,826,144,0,0,3,970,130,104,0,0,0,239,3,7,0,0,0,5,104,43,0,0,0,152,0,0,0,0,0,4,5,8,0,0,0,17,6,6,0,0,0,12,253,171,7,0,0,432,4,3,3,0,0,13,120,47,4,0,0,173,2414,486,16,0,3,2927
504021049,332,0,0,3,0,341,512,4,0,7,3,521,39,0,0,0,0,39,0,0,0,0,0,0,49,0,0,0,0,50,0,0,0,0,0,0,0,0,0,0,0,0,8,0,0,0,0,8,96,0,0,0,0,101,3,0,0,0,0,3,87,0,0,0,3,95,1042,4,0,10,12,1062
504021050,999,7,0,0,0,1005,1218,3,0,4,0,1225,98,3,0,0,0,103,0,0,0,0,0,0,92,3,0,0,0,100,0,0,0,0,0,3,3,0,0,0,0,4,10,0,0,0,0,10,201,11,0,0,0,218,10,4,0,0,0,17,103,3,3,0,0,110,2534,25,4,5,0,2572
504021051,624,16,0,0,0,644,925,15,0,0,0,939,109,19,0,0,0,131,21,69,6,0,0,92,84,3,0,0,0,89,0,0,0,0,0,0,7,0,0,0,0,10,10,0,0,0,0,10,241,92,6,0,0,335,10,0,0,0,0,10,92,12,0,0,0,100,1889,129,6,0,0,2019
504021052,3,0,0,0,0,3,4,0,0,0,0,4,0,0,0,0,0,0,0,0,0,0,0,0,0,0,0,0,0,0,0,0,0,0,0,0,0,0,0,0,0,0,0,0,0,0,0,0,0,0,0,0,0,0,0,0,0,0,0,0,0,0,0,0,0,0,5,0,0,0,0,5
504021053,1607,32,0,13,3,1654,2174,3,3,0,4,2186,207,8,0,0,0,208,5,0,0,0,0,9,180,9,0,0,3,191,6,21,0,0,0,26,17,0,0,0,0,21,15,0,0,0,0,15,430,37,0,0,4,472,25,12,0,0,0,38,252,12,0,9,3,274,4486,95,3,27,15,4625
504021054,1423,106,3,0,0,1542,1827,62,3,0,0,1897,304,59,8,0,0,364,89,122,3,0,0,212,273,54,3,0,0,335,8,23,0,0,0,36,16,14,0,0,0,36,24,9,0,0,0,30,708,284,13,3,0,1009,12,3,0,0,0,16,268,53,0,4,0,331,4244,509,24,11,3,4790
504031055,0,0,0,0,0,0,0,0,0,0,0,0,0,0,0,0,0,0,0,0,0,0,0,0,0,0,0,0,0,0,0,0,0,0,0,0,0,0,0,0,0,0,0,0,0,0,0,0,0,0,0,0,0,0,0,0,0,0,0,0,0,0,0,0,0,0,0,0,0,0,0,0
504031056,1633,53,0,0,0,1681,3071,65,0,0,0,3134,410,56,0,0,0,467,90,117,0,0,0,212,330,24,0,0,0,351,7,7,0,0,0,12,37,8,0,0,0,39,22,7,0,0,0,27,895,211,0,0,0,1105,22,0,0,0,0,24,239,21,0,0,0,262,5855,348,0,0,3,6204
504031057,1216,61,3,22,3,1314,2700,292,3,0,3,2999,402,112,0,0,0,511,102,58,28,0,0,185,341,48,3,0,0,389,3,9,0,0,0,19,50,3,0,7,3,59,15,8,0,0,0,26,915,235,31,7,3,1191,23,4,0,0,0,20,349,68,5,4,0,426,5204,661,40,41,17,5951
504031058,403,0,0,3,0,410,925,0,0,9,0,935,96,0,0,0,0,96,3,0,0,0,0,3,109,0,0,3,0,107,5,0,0,0,0,5,12,0,0,0,0,12,12,0,0,0,0,12,235,0,0,3,0,238,10,0,0,0,0,9,185,0,0,13,0,199,1766,0,0,23,7,1790
504031059,1095,360,0,0,0,1462,6781,701,8,0,7,7494,1074,257,87,0,0,1414,181,84,10,0,0,273,483,77,3,0,3,570,14,3,0,0,0,17,83,5,0,0,0,90,13,3,3,0,0,15,1844,425,97,0,3,2374,23,25,0,0,0,50,600,121,23,0,5,750,10341,1633,135,5,9,12130
504031060,326,0,0,3,4,334,459,0,0,4,3,468,23,0,0,0,0,23,0,0,0,0,0,0,40,0,0,0,0,45,0,0,0,0,0,0,0,0,0,0,0,0,3,0,0,0,0,3,73,0,0,0,0,68,6,0,0,0,0,11,68,0,0,0,0,67,929,0,0,11,9,950
504031061,427,9,0,33,0,477,757,28,0,4,0,790,112,13,0,0,3,124,12,4,0,0,0,19,95,8,0,0,0,111,3,0,0,0,0,3,11,0,0,11,0,14,14,0,0,0,0,17,241,26,0,12,0,284,8,0,0,0,0,8,78,9,0,10,0,98,1511,74,0,61,3,1659
504031062,685,44,0,62,0,800,1816,136,9,3,8,1966,265,40,14,0,0,326,77,115,3,0,0,195,199,37,5,0,0,244,11,3,0,0,0,12,16,5,0,3,0,27,11,4,0,0,0,16,574,206,19,5,0,816,9,0,0,0,0,18,217,41,3,13,0,268,3302,430,38,90,7,3870
504031063,0,0,0,0,0,0,0,0,0,0,0,0,0,0,0,0,0,0,0,0,0,0,0,0,0,0,0,0,0,0,0,0,0,0,0,0,0,0,0,0,0,0,0,0,0,0,0,0,0,0,0,0,0,0,0,0,0,0,0,0,0,0,0,0,0,0,0,0,0,0,0,3
504031064,0,0,0,0,0,0,0,0,0,0,0,0,0,0,0,0,0,0,0,0,0,0,0,0,0,0,0,0,0,0,0,0,0,0,0,0,0,0,0,0,0,0,0,0,0,0,0,0,0,0,0,0,0,0,0,0,0,0,0,0,0,0,0,0,0,0,0,0,0,0,0,0
504031065,587,20,0,50,5,655,686,48,0,5,0,741,141,65,0,0,0,206,36,10,0,0,0,44,133,50,0,0,3,188,6,4,0,0,0,12,17,3,0,21,0,36,8,0,0,0,0,15,342,139,0,20,3,495,14,0,0,3,0,18,118,30,0,43,3,196,1738,235,0,118,14,2102
504031066,697,207,7,8,3,922,855,333,36,5,3,1228,292,634,152,0,5,1084,42,170,24,0,0,240,201,184,14,10,0,411,3,11,11,0,5,35,25,21,3,0,0,42,17,9,3,0,0,31,576,1037,203,9,16,1848,11,15,0,0,0,26,209,199,70,24,3,512,2351,1791,319,50,22,4523
504031067,481,4,0,0,0,482,1338,9,0,0,4,1348,215,0,0,0,0,217,49,0,38,0,0,87,150,0,0,0,0,151,3,0,4,0,0,7,13,0,0,0,0,8,3,0,0,0,0,4,428,4,42,0,0,476,7,0,0,0,0,14,122,8,3,0,0,130,2375,22,48,0,4,2448
504031068,697,32,0,3,3,737,1900,134,0,0,4,2042,182,65,0,0,0,246,14,3,0,0,0,13,108,11,0,0,3,124,0,0,0,0,0,0,10,0,0,0,0,18,7,3,0,0,0,14,324,82,0,0,3,408,17,0,0,0,0,14,147,15,0,0,4,171,3085,264,3,7,16,3371
504031069,0,0,0,0,0,0,0,0,0,0,0,0,0,0,0,0,0,0,0,0,0,0,0,0,0,0,0,0,0,0,0,0,0,0,0,0,0,0,0,0,0,0,0,0,0,0,0,0,0,0,0,0,0,0,0,0,0,0,0,0,0,0,0,0,0,0,0,0,0,0,0,0
505011070,886,68,0,0,0,956,1701,132,0,0,7,1834,394,41,0,0,0,443,40,16,0,0,0,52,278,49,0,0,0,324,0,0,0,0,0,3,18,0,0,0,0,13,13,0,0,0,0,14,750,109,0,0,0,857,12,3,0,0,0,14,192,24,0,0,0,216,3537,332,0,0,8,3876
505011071,944,69,8,0,0,1021,2355,69,35,0,0,2462,452,81,88,0,0,625,0,22,0,0,0,25,260,36,15,3,0,316,0,3,0,0,0,3,13,3,0,0,0,16,3,3,0,0,0,6,732,148,103,4,3,987,4,0,0,0,0,4,134,26,11,0,0,176,4171,313,157,4,0,4651
505011072,2034,92,0,0,0,2128,2273,65,0,0,0,2340,328,28,0,0,0,356,3,16,6,0,0,23,193,21,0,0,0,216,4,0,0,0,0,5,8,0,0,0,0,8,10,0,0,0,0,10,547,67,6,0,0,619,29,27,0,0,0,52,148,21,0,0,0,166,5029,270,7,0,3,5317
505011073,1726,115,0,0,0,1837,2074,115,0,0,0,2183,375,42,0,0,0,419,28,3,0,0,0,35,249,39,3,0,0,294,3,8,0,0,0,12,25,0,0,0,0,26,10,0,0,0,0,10,705,97,3,0,0,807,18,13,0,0,0,38,193,32,0,0,0,229,4713,375,3,0,3,5096
505011074,974,105,3,4,0,1084,1730,109,3,0,0,1841,346,61,3,0,0,412,33,6,0,0,0,42,225,46,14,0,3,282,0,4,0,0,0,4,21,0,0,0,0,23,6,3,0,0,0,11,635,123,17,0,3,772,12,0,0,0,0,11,178,19,4,0,0,197,3525,358,24,3,3,3905
505011075,1359,130,23,0,0,1515,1424,101,10,0,0,1537,286,54,10,0,0,349,0,12,0,0,0,18,141,38,11,0,0,198,0,0,0,0,0,0,3,0,0,0,0,8,3,0,0,0,0,3,435,107,21,0,0,574,12,0,0,0,0,11,102,14,4,4,3,131,3335,357,60,8,9,3767
505011076,659,21,0,41,0,718,1647,47,0,3,6,1694,149,5,0,0,0,157,0,0,0,0,0,0,59,0,0,7,0,62,0,0,0,0,0,0,4,0,0,3,0,8,3,0,0,0,0,3,208,5,0,7,0,227,8,0,0,0,0,10,59,0,0,3,0,64,2577,75,0,60,5,2715
505011077,1046,142,54,0,0,1246,1670,170,110,9,0,1956,353,276,365,0,7,1006,42,61,19,0,0,120,252,104,98,3,3,462,5,7,0,0,0,15,7,10,4,0,4,27,8,3,3,0,0,11,667,461,489,5,16,1643,9,3,3,0,0,20,148,75,73,4,4,301,3545,849,730,19,23,5157
505011078,1580,160,43,90,0,1870,1908,140,0,0,0,2053,256,40,0,0,0,294,3,21,0,0,0,24,174,38,0,0,0,215,10,0,0,0,0,16,10,0,0,0,0,16,7,0,0,0,0,12,464,106,0,0,0,571,27,20,29,0,0,72,153,23,10,13,0,193,4127,452,76,101,3,4761
505011079,1350,102,45,0,0,1496,1604,72,0,0,0,1676,286,41,4,0,0,328,3,0,0,0,0,3,182,30,3,0,0,217,0,0,0,0,0,0,11,0,0,0,0,13,9,3,0,0,0,9,489,71,8,0,0,571,9,3,0,0,0,16,193,27,11,0,0,229,3645,283,59,0,6,3989
505011080,967,29,21,0,0,1022,1161,19,0,0,0,1180,220,14,0,0,0,231,0,0,0,0,0,0,90,7,3,0,0,95,0,0,0,0,0,0,10,0,0,0,0,10,0,0,0,0,0,5,317,20,8,3,0,340,5,0,0,0,0,9,98,3,3,0,0,107,2554,72,33,0,3,2664
505011081,903,64,0,0,0,964,1349,74,0,0,0,1428,264,35,0,0,0,302,4,5,0,0,0,12,223,28,0,0,0,249,0,0,0,0,0,0,14,0,0,0,0,14,11,0,0,0,0,8,519,73,0,0,0,590,9,0,0,0,0,8,116,22,0,0,3,145,2893,232,0,0,3,3130
505011082,1326,205,85,0,0,1614,1120,143,12,0,4,1273,159,61,24,0,0,241,0,0,0,0,0,0,104,49,37,0,0,192,0,0,0,0,0,3,5,0,4,0,0,11,6,0,0,0,0,6,278,114,61,0,0,455,9,3,0,0,0,13,97,33,16,0,0,143,2830,490,174,0,3,3504
505011083,1097,166,0,0,0,1268,1451,54,0,3,0,1506,162,29,0,0,0,190,0,0,0,0,0,0,116,27,0,0,0,138,0,0,0,0,0,0,8,0,0,0,0,4,7,0,0,0,0,7,290,50,0,0,0,340,13,4,0,0,0,13,66,14,0,0,0,81,2914,291,0,3,3,3208
505021084,1697,426,0,0,0,2123,1356,715,5,0,3,2080,330,438,0,0,0,774,27,220,4,0,0,251,316,266,0,0,0,582,3,10,0,0,0,10,26,16,0,0,0,51,22,7,0,0,0,32,727,967,4,0,3,1701,23,29,0,0,0,50,200,217,8,3,0,423,4002,2347,23,3,6,6382
505021085,1073,201,6,0,0,1284,1603,850,38,0,4,2497,615,593,29,0,4,1234,239,398,25,0,0,665,448,232,16,0,0,695,8,22,0,0,0,29,101,50,0,0,0,150,16,13,0,0,0,35,1428,1311,69,0,4,2806,17,14,0,0,0,32,421,300,20,3,4,753,4545,2675,132,3,21,7377
505021086,2898,608,59,4,3,3566,2326,696,53,3,3,3082,501,461,66,0,0,1028,25,144,90,0,0,260,432,333,24,0,4,792,9,31,11,0,0,48,49,26,7,0,0,75,31,16,4,0,0,47,1039,1017,190,3,3,2254,26,58,25,0,0,103,328,198,40,5,5,570,6619,2571,364,10,11,9575
505021087,0,0,0,0,0,0,0,0,0,0,0,0,0,0,0,0,0,0,0,0,0,0,0,0,0,0,0,0,0,0,0,0,0,0,0,0,0,0,0,0,0,0,0,0,0,0,0,0,0,0,0,0,0,0,0,0,0,0,0,0,0,0,0,0,0,0,0,0,0,0,0,0
505021088,1048,554,33,0,0,1634,1406,1026,24,0,3,2463,470,663,37,0,0,1170,170,369,73,0,3,607,307,285,25,0,0,619,6,21,9,0,0,38,24,15,0,0,0,45,17,10,0,0,0,35,991,1363,149,0,4,2508,15,17,23,0,0,50,290,263,31,0,6,588,3746,3219,257,0,11,7241
505021089,2412,271,23,62,3,2779,2610,312,4,0,3,2931,405,135,0,0,0,538,33,35,0,0,0,72,246,92,0,0,0,336,3,28,11,0,0,40,24,3,0,12,0,41,12,3,0,0,0,18,723,299,6,14,6,1048,23,71,23,3,0,116,227,73,4,17,3,326,5998,1025,61,95,9,7197
505021090,816,522,3,0,0,1346,693,1639,36,0,11,2380,476,1173,16,0,9,1673,151,312,4,0,0,463,305,420,3,0,3,735,7,58,0,0,0,69,46,66,0,0,0,115,17,25,0,0,0,38,999,2058,20,0,16,3098,14,20,0,0,0,38,276,409,14,6,7,712,2797,4654,76,6,33,7569
505021091,0,0,0,0,0,0,0,0,0,0,0,0,0,0,0,0,0,0,0,0,0,0,0,0,0,0,0,0,0,0,0,0,0,0,0,0,0,0,0,0,0,0,0,0,0,0,0,0,0,0,0,0,0,0,0,0,0,0,0,0,0,0,0,0,0,0,0,0,0,0,0,0
505021092,753,670,108,0,3,1526,987,1058,174,0,8,2230,333,993,414,0,3,1741,39,65,15,0,0,116,202,436,128,0,0,773,10,3,3,0,0,18,9,37,20,0,0,59,8,26,5,0,0,38,605,1560,583,0,4,2754,9,10,3,0,0,25,178,306,139,4,0,630,2535,3602,1007,7,23,7166
505021093,1431,277,30,0,0,1737,1258,515,118,0,3,1889,235,416,216,0,0,865,12,88,11,0,0,111,142,246,63,0,0,453,3,10,3,0,0,15,14,27,7,0,0,47,15,11,5,0,0,31,418,791,305,0,3,1522,9,3,0,0,0,15,168,148,53,0,0,370,3281,1731,509,0,4,5530
505021094,885,202,4,0,3,1102,721,155,10,0,0,893,187,117,21,0,0,332,23,47,78,0,0,153,134,104,3,0,0,245,22,4,3,0,0,23,3,3,0,0,0,13,10,7,0,0,0,13,383,284,109,0,3,782,20,33,0,0,0,52,92,53,16,0,0,166,2103,732,143,0,10,2995
505021095,569,646,47,0,0,1254,498,1036,124,0,5,1662,170,913,263,0,0,1346,34,136,12,0,0,186,143,453,93,0,3,689,3,35,19,0,0,58,12,30,12,0,0,52,10,18,4,0,0,32,372,1583,407,0,3,2367,12,19,3,0,0,26,92,269,81,0,0,447,1536,3549,659,0,14,5756
505021096,1625,302,219,0,0,2151,1339,354,73,0,9,1770,241,169,145,0,0,560,0,28,3,0,0,27,146,112,63,0,4,326,0,0,0,0,0,3,10,5,3,0,0,22,16,6,0,0,0,26,413,327,223,4,7,971,20,7,6,0,0,36,112,63,42,0,0,225,3507,1052,564,4,14,5147
505021097,1297,595,153,5,5,2059,1013,715,220,0,10,1964,291,504,410,0,4,1211,13,21,80,0,0,119,195,262,106,0,7,566,3,39,29,0,0,72,18,28,13,0,0,57,20,9,6,0,0,39,539,863,646,0,9,2056,10,131,76,0,0,215,165,175,146,3,3,489,3026,2483,1246,10,25,6791
505031098,996,54,0,0,0,1054,1683,92,0,0,0,1774,288,36,0,0,0,322,59,172,0,0,0,227,252,30,0,0,0,277,7,3,0,0,0,13,60,6,0,0,0,65,5,3,0,0,0,10,670,244,0,0,0,915,10,0,0,0,0,10,205,47,0,0,0,254,3565,447,0,0,4,4018
505031099,795,106,0,0,0,908,3680,154,4,0,5,3838,1271,127,25,0,0,1420,204,53,8,0,0,264,489,34,3,0,0,527,19,21,4,0,0,47,35,8,0,0,0,43,14,0,0,0,0,21,2036,245,41,0,3,2325,109,322,0,0,3,433,636,110,24,0,0,772,7256,934,70,0,14,8269
505031100,540,21,0,0,0,565,3400,139,0,6,0,3543,449,62,0,0,0,516,74,64,0,0,0,140,286,28,0,0,0,308,10,5,0,0,0,14,27,3,0,0,0,31,7,0,0,0,0,7,847,165,0,0,0,1011,9,3,0,0,0,16,275,26,0,0,0,295,5072,349,0,3,0,5431
505031101,447,62,0,0,0,515,2100,268,0,0,0,2367,591,276,13,0,7,889,100,52,0,0,0,147,308,72,3,0,0,382,10,7,0,0,0,19,23,10,0,0,0,27,9,4,0,0,0,12,1043,419,15,0,4,1485,17,3,0,0,0,17,255,71,4,0,0,332,3862,824,24,6,7,4714
505031102,637,83,0,0,0,721,919,295,3,0,0,1216,259,95,0,0,0,353,70,142,0,0,0,212,290,66,0,0,0,362,3,7,0,0,0,8,48,18,0,0,0,59,11,3,0,0,0,12,683,327,0,0,3,1008,15,0,0,0,0,17,166,69,0,0,0,230,2416,771,4,0,3,3191
505031103,1371,192,0,24,0,1587,4563,309,0,0,8,4883,513,189,0,0,3,707,13,17,0,0,0,36,238,41,0,0,0,277,3,3,0,0,0,5,20,6,0,6,0,33,12,0,0,0,0,12,800,260,0,6,3,1067,26,95,0,0,0,118,270,62,0,36,3,366,7025,919,3,67,11,8022
505031104,998,87,0,0,0,1082,1487,92,0,0,0,1578,219,29,0,0,0,248,53,69,0,0,0,121,202,19,0,0,0,221,4,14,0,0,0,18,36,4,0,0,0,38,12,0,0,0,0,14,537,127,0,0,0,668,18,7,0,0,0,27,184,29,0,0,0,218,3221,344,0,0,3,3565
505031105,1177,167,3,0,0,1346,3226,63,13,0,3,3305,749,32,16,0,0,799,44,41,0,0,0,85,340,20,0,0,0,369,0,0,0,0,0,3,10,3,0,0,0,17,16,0,0,0,0,15,1168,98,23,0,0,1290,15,3,0,0,0,21,280,14,3,0,0,299,5863,349,43,0,3,6262
505031106,0,0,0,0,0,0,0,0,0,0,0,0,0,0,0,0,0,0,0,0,0,0,0,0,0,0,0,0,0,0,0,0,0,0,0,0,0,0,0,0,0,0,0,0,0,0,0,0,4,0,0,0,0,4,0,0,0,0,0,0,0,0,0,0,0,0,4,0,0,0,0,4
505031107,993,22,0,0,0,1017,2360,76,0,0,0,2439,377,95,0,0,0,470,10,3,0,0,0,15,187,17,0,0,0,208,0,0,0,0,0,0,29,0,0,0,0,27,13,0,0,0,0,13,609,122,0,3,0,734,32,0,0,0,0,33,175,14,0,0,0,186,4173,237,0,3,0,4411
505031108,1960,192,0,77,3,2233,4289,312,0,3,3,4605,766,250,9,0,0,1020,68,61,3,0,0,136,495,79,0,10,0,580,8,4,0,0,0,8,46,8,0,23,0,70,28,4,0,3,0,40,1403,410,13,27,4,1853,52,64,0,0,0,118,377,79,3,23,0,481,8083,1058,18,135,12,9299
505031255,135,8,0,0,0,142,1661,138,0,0,5,1811,492,62,0,0,0,553,0,0,0,0,0,0,107,18,0,0,0,123,0,0,0,0,0,0,6,0,0,0,0,7,6,3,0,0,0,12,616,78,0,0,0,694,12,0,0,0,0,12,214,23,0,0,0,239,2642,251,0,0,9,2896
505031256,66,0,0,0,0,67,80,0,0,0,0,80,7,0,0,0,0,7,6,0,0,0,0,6,25,0,0,0,0,25,0,0,0,0,0,0,15,0,0,0,0,16,5,0,0,0,0,5,64,0,0,0,0,63,0,0,0,0,0,0,34,0,0,0,0,33,241,0,0,3,0,243
505031257,277,0,0,0,0,280,514,0,0,7,0,525,108,0,0,0,0,114,0,0,0,0,0,0,75,0,0,0,0,75,0,0,0,0,0,0,8,0,0,0,0,8,7,0,0,0,0,7,198,0,0,0,0,204,8,0,0,0,0,8,122,0,0,3,0,124,1117,0,0,10,3,1137
505031258,484,14,0,0,0,501,1607,47,3,0,4,1663,420,20,0,0,0,445,0,0,0,0,0,0,193,7,0,0,0,199,0,0,0,0,0,0,13,0,0,0,0,13,16,0,0,0,0,16,643,26,0,0,0,669,32,0,0,0,0,30,253,10,0,0,0,259,3019,94,6,0,10,3129
506011110,1110,216,11,4,0,1346,2565,248,28,0,8,2848,757,430,57,0,5,1255,157,248,10,0,0,410,474,138,12,3,0,627,8,42,0,0,0,48,46,23,0,0,0,69,20,16,0,0,0,37,1462,888,81,3,10,2447,28,107,0,0,0,134,509,236,25,0,0,771,5669,1692,147,11,19,7539
506011111,0,0,0,0,0,0,0,0,0,0,0,0,0,0,0,0,0,0,0,0,0,0,0,0,0,0,0,0,0,0,0,0,0,0,0,0,0,0,0,0,0,0,0,0,0,0,0,0,0,0,0,0,0,0,0,0,0,0,0,0,0,0,0,0,0,0,0,0,0,0,0,0
506011112,456,23,0,3,0,486,939,41,0,0,0,982,186,21,0,0,0,209,39,19,0,0,0,57,174,12,0,0,0,188,4,4,0,0,0,6,13,0,0,26,0,35,3,0,0,0,0,3,424,46,0,24,0,499,11,0,0,0,0,7,102,9,0,12,0,130,1931,123,0,41,3,2100
506011113,531,63,0,0,0,590,4000,445,0,3,0,4454,607,168,0,0,3,783,0,0,0,0,0,0,239,35,0,0,0,274,0,0,0,0,0,0,26,0,0,0,0,27,10,3,0,0,0,11,883,210,0,3,3,1101,12,0,0,0,0,14,197,35,0,0,3,234,5621,755,0,3,7,6390
506011114,1058,99,0,11,3,1174,1425,138,6,0,0,1569,311,217,3,3,0,531,32,58,50,0,0,141,230,60,5,0,0,296,0,0,6,0,0,6,25,6,0,19,0,52,18,0,0,0,0,18,615,337,65,23,3,1042,12,3,0,0,0,17,286,44,11,22,0,362,3398,620,85,58,12,4173
506011115,1069,6,12,3,0,1093,1362,10,0,0,0,1376,86,10,0,0,0,100,0,0,0,0,0,0,89,10,0,0,0,100,0,0,0,0,0,0,22,0,0,0,0,22,6,0,0,0,0,6,209,22,3,0,3,239,5,0,0,0,0,5,185,0,0,0,0,188,2840,36,18,3,3,2904
506011116,949,0,0,0,0,947,1266,0,0,3,0,1270,56,0,0,0,0,56,4,0,0,0,0,4,78,0,0,0,4,81,16,0,0,0,0,18,10,0,0,0,0,10,12,0,0,0,0,9,172,0,0,0,4,177,12,0,0,0,0,12,124,0,0,0,7,130,2524,3,0,5,10,2538
506011117,436,12,0,0,0,448,1898,74,0,0,0,1974,337,52,0,0,0,394,56,7,0,0,0,59,222,16,0,0,0,241,3,0,0,0,0,3,13,0,0,0,0,15,9,0,0,0,0,9,649,74,0,0,0,725,13,0,0,0,0,13,203,45,0,0,0,246,3187,213,0,0,7,3403
506021118,1107,152,17,22,3,1294,1509,266,39,0,4,1820,638,282,85,0,6,1015,226,200,3,0,4,435,340,87,14,0,5,448,10,7,0,0,0,17,42,10,0,0,4,54,27,6,0,0,0,30,1284,592,107,3,18,1999,22,6,0,0,0,33,344,213,39,23,10,630,4270,1228,192,48,32,5774
506021119,1020,230,59,7,6,1314,1546,396,185,10,3,2145,748,430,277,0,10,1465,147,192,82,0,0,430,446,224,78,0,6,758,8,7,4,0,0,17,42,21,3,0,0,61,18,13,3,0,0,29,1407,883,453,4,14,2759,21,15,4,0,0,41,331,191,135,0,8,675,4326,1721,839,15,34,6937
506021120,0,0,0,0,0,0,0,0,0,0,0,0,0,0,0,0,0,0,0,0,0,0,0,0,0,0,0,0,0,0,0,0,0,0,0,0,0,0,0,0,0,0,0,0,0,0,0,0,0,0,0,0,0,0,0,0,0,0,0,0,0,0,0,0,0,0,0,0,0,0,4,4
506021121,0,0,0,0,0,0,0,0,0,0,0,0,0,0,0,0,0,0,0,0,0,0,0,0,0,0,0,0,0,0,0,0,0,0,0,0,0,0,0,0,0,0,0,0,0,0,0,0,0,0,0,0,0,0,0,0,0,0,0,0,0,0,0,0,0,0,0,0,0,0,0,0
506021122,1782,305,117,0,0,2214,1891,596,309,0,11,2807,1022,595,638,0,5,2266,306,261,72,0,0,644,602,247,152,0,4,1003,28,10,3,0,0,39,50,36,19,0,0,110,33,9,3,0,0,52,2045,1165,891,0,11,4107,28,18,13,0,0,63,621,295,435,12,4,1373,6372,2383,1763,16,22,10554
506021123,831,290,167,0,0,1291,975,427,245,3,3,1650,392,624,840,0,4,1863,29,60,4,0,0,91,286,241,201,0,0,730,3,49,3,0,0,51,25,30,14,0,0,65,7,15,3,0,0,25,732,1019,1073,3,9,2826,12,17,3,0,0,34,169,140,235,5,3,558,2725,1891,1722,7,16,6365
506031124,1221,228,58,0,7,1509,1275,339,54,0,0,1669,730,523,97,0,14,1363,259,245,123,0,3,632,578,332,31,0,5,943,42,102,86,0,6,232,66,58,13,0,0,141,30,18,5,0,0,53,1697,1283,355,0,22,3364,141,70,108,0,3,321,401,264,101,5,7,776,4736,2182,680,10,37,7645
506031125,1021,51,0,0,0,1074,1522,71,0,0,0,1597,222,12,0,0,0,227,3,0,0,0,0,3,123,9,0,0,0,132,0,0,0,0,0,0,3,0,0,0,0,3,3,0,0,0,0,3,360,14,0,0,0,373,3,0,0,0,0,4,94,3,0,0,0,104,2996,147,0,0,0,3143
506031126,0,0,0,0,0,0,0,0,0,0,0,0,0,0,0,0,0,0,0,0,0,0,0,0,0,0,0,0,0,0,0,0,0,0,0,0,0,0,0,0,0,0,0,0,0,0,0,0,0,0,0,0,0,0,0,0,0,0,0,0,0,0,0,0,0,0,0,0,0,0,0,0
506031127,955,205,7,0,3,1173,1605,441,46,3,8,2098,753,622,90,5,10,1479,102,114,5,0,0,222,448,236,26,0,3,709,22,14,0,0,0,39,79,24,3,0,0,103,18,9,0,0,0,27,1413,1022,120,3,14,2582,21,36,0,0,0,58,313,168,34,4,3,525,4311,1870,211,14,25,6425
506031128,1706,151,36,0,0,1895,1817,193,33,0,0,2051,435,106,36,0,3,581,37,37,0,0,0,70,324,94,18,0,0,436,5,4,0,0,0,8,22,9,0,0,0,29,13,4,0,0,0,16,836,250,52,0,5,1144,26,16,0,0,0,41,214,34,3,0,0,256,4592,657,130,3,7,5382
506031129,1680,220,4,0,0,1905,1321,157,6,0,0,1488,443,164,11,0,0,620,3,28,18,0,0,47,290,91,3,0,0,384,7,16,0,0,0,23,22,4,0,0,0,30,21,4,0,0,0,27,785,311,31,0,0,1127,23,79,0,0,0,103,130,49,6,0,0,177,3938,819,44,0,3,4804
506031130,0,0,0,0,0,0,0,0,0,0,0,0,0,0,0,0,0,0,0,0,0,0,0,0,0,0,0,0,0,0,0,0,0,0,0,0,0,0,0,0,0,0,0,0,0,0,0,0,0,0,0,0,0,0,0,0,0,0,0,0,0,0,3,0,0,4,0,0,3,0,0,4
506031131,2214,63,78,0,3,2359,2127,73,79,0,0,2281,510,54,75,0,0,637,21,30,6,0,0,67,315,42,46,0,0,409,3,0,0,0,0,9,24,5,0,0,0,29,12,3,3,0,0,19,891,141,130,0,0,1167,15,0,0,0,0,16,148,24,4,0,0,177,5391,300,299,4,4,5999
506041132,1609,56,5,0,0,1671,2409,198,26,3,3,2634,654,217,34,0,4,904,149,111,0,0,0,259,576,76,4,7,0,664,5,8,0,0,0,17,62,16,0,0,0,74,31,10,0,0,0,46,1483,424,38,6,7,1958,35,3,0,0,0,38,360,62,17,3,3,446,5898,745,84,12,11,6752
506041133,1466,128,26,0,3,1621,3361,288,12,0,3,3664,680,190,9,0,0,879,10,4,0,0,0,10,268,55,3,0,0,326,3,0,0,0,0,5,26,3,0,0,0,22,5,5,0,0,0,9,984,257,8,3,0,1261,32,42,28,0,0,94,212,40,4,0,3,260,6057,754,69,3,6,6894
506041134,1664,194,19,0,4,1879,2644,268,31,0,9,2954,603,252,38,0,0,897,190,146,14,0,0,348,519,83,19,0,0,622,18,48,3,0,0,72,86,16,4,0,0,107,28,12,0,0,0,43,1442,560,81,3,3,2090,75,52,0,0,0,133,486,206,9,4,3,702,6313,1276,132,9,18,7754
506041135,1112,28,0,0,0,1136,3604,84,0,0,0,3690,500,68,4,0,3,576,70,0,0,0,0,70,304,16,0,0,0,319,3,0,0,0,0,3,39,0,0,0,0,39,18,0,0,0,0,19,939,82,4,0,6,1026,23,3,0,0,0,24,231,14,0,0,0,253,5899,207,4,3,4,6128
506041136,1012,152,15,65,0,1243,1874,76,33,20,11,2006,312,94,23,7,4,435,89,33,32,3,0,164,351,35,13,11,4,411,6,34,3,3,0,49,62,6,0,50,3,127,23,6,0,0,0,32,847,205,75,77,10,1216,22,93,0,3,0,114,270,53,10,43,18,386,4028,578,132,199,36,4969
506041137,2448,162,3,0,0,2612,3421,159,17,4,0,3592,615,113,31,0,4,763,99,70,3,0,0,178,490,62,9,0,0,559,5,7,0,0,0,15,53,3,0,0,0,61,28,3,0,0,0,31,1292,252,54,0,3,1601,32,55,0,0,0,88,361,50,8,3,0,414,7548,668,77,3,8,8312
506051138,1505,100,0,68,0,1670,3182,94,0,4,0,3279,568,59,0,0,3,634,76,58,0,0,0,139,423,45,0,0,3,468,3,10,0,0,0,18,26,3,0,17,0,48,22,0,0,0,0,19,1118,175,0,22,9,1327,15,101,0,3,0,119,315,51,0,45,3,411,6135,522,0,133,17,6809
506051139,1211,14,0,3,0,1234,2051,41,0,0,0,2094,429,46,0,0,0,473,56,10,0,0,0,65,302,10,0,0,0,315,3,3,0,0,0,3,25,3,0,0,0,29,17,0,0,0,0,17,830,65,0,0,3,902,28,3,0,0,0,34,352,11,0,0,7,372,4475,139,0,4,6,4629
506051140,2351,135,4,0,5,2493,2175,36,3,3,0,2217,278,40,0,0,0,319,13,28,0,0,0,44,246,33,0,0,0,279,0,0,0,0,0,0,8,0,0,0,0,10,16,4,0,0,0,19,560,107,0,0,5,674,22,4,0,0,0,26,284,33,0,3,3,321,5386,313,3,11,8,5723
506051141,1527,21,0,18,5,1582,1656,10,3,7,10,1690,134,18,0,0,0,154,0,4,9,0,0,14,164,10,0,3,0,176,6,20,28,0,0,56,13,0,0,0,0,9,11,0,0,0,0,17,328,51,34,3,0,423,27,18,0,0,0,45,190,7,3,0,0,198,3729,110,43,39,22,3935
506061142,729,3,7,0,0,737,3487,43,4,0,3,3533,448,16,0,0,0,468,0,0,0,0,0,0,237,5,0,0,0,251,0,6,0,0,0,9,12,0,0,0,0,12,15,0,0,0,0,15,719,28,0,0,3,754,14,0,0,0,0,21,278,8,3,0,0,290,5228,83,15,4,5,5332
506061143,595,0,0,0,4,604,1083,3,0,4,3,1099,60,0,0,0,0,60,3,0,0,0,0,3,129,0,0,0,0,129,4,0,0,0,0,4,26,0,0,0,0,27,10,0,0,0,0,11,226,0,0,0,0,227,11,0,0,0,0,11,116,0,0,5,0,121,2038,3,0,9,9,2061
506061144,488,0,0,7,3,498,650,0,0,3,3,657,47,3,0,0,0,53,3,0,0,0,0,3,84,0,0,0,0,84,3,0,0,0,0,3,22,0,0,0,0,22,12,0,0,0,0,12,168,6,0,0,0,176,7,0,0,0,0,7,131,0,0,3,0,139,1448,6,0,13,11,1475
506071145,758,805,99,7,10,1684,672,841,187,3,4,1710,265,865,327,0,3,1459,84,85,56,0,0,228,158,431,127,0,3,725,15,4,5,0,0,27,14,14,11,3,3,51,19,32,0,0,0,52,553,1436,537,3,12,2538,76,20,6,0,3,105,171,222,88,3,4,491,2229,3337,920,18,34,6528
506071146,1220,151,29,0,0,1393,1043,126,4,0,3,1179,277,76,7,0,0,354,185,110,17,0,0,311,204,55,3,0,0,257,6,13,3,0,0,23,19,4,0,0,9,30,7,4,0,0,0,14,696,264,25,0,12,995,11,19,42,0,0,78,160,56,14,3,0,229,3133,608,111,3,16,3875
506071147,1185,608,240,0,3,2038,1139,474,188,0,0,1801,355,729,580,0,7,1669,84,3,70,0,0,159,193,314,187,0,0,696,3,19,4,0,0,25,15,15,14,0,0,48,13,14,10,0,0,33,668,1092,867,0,7,2633,18,46,13,0,0,76,164,213,268,0,3,651,3171,2432,1573,4,18,7200
507011148,873,60,0,0,0,938,3073,165,0,0,3,3245,656,122,3,3,0,781,22,11,0,0,0,30,253,24,0,0,0,283,0,4,0,0,0,7,15,0,0,0,0,16,7,0,0,0,0,7,950,172,4,3,3,1129,11,6,0,0,0,19,208,31,0,0,0,247,5114,434,4,5,11,5563
507011150,0,0,0,0,0,0,0,0,0,0,0,0,0,0,0,0,0,0,0,0,0,0,0,0,0,0,0,0,0,0,0,0,0,0,0,0,0,0,0,0,0,0,0,0,0,0,0,0,0,0,0,0,0,0,0,0,0,0,0,0,0,0,0,0,0,0,0,0,0,0,0,0
507011151,0,0,0,0,0,0,0,0,0,0,0,0,0,0,0,0,0,0,0,0,0,0,0,0,0,0,0,0,0,0,0,0,0,0,0,0,0,0,0,0,0,0,0,0,0,0,0,0,0,0,0,0,0,0,0,0,0,0,0,0,0,0,0,0,0,0,0,0,0,0,0,0
507011152,1104,45,0,104,3,1258,1214,63,0,3,3,1285,222,37,0,0,0,261,11,9,0,0,0,16,114,33,0,0,0,147,0,0,0,0,0,0,18,3,0,22,3,43,7,0,0,0,0,7,375,79,0,25,3,474,9,0,0,0,0,10,148,13,0,32,0,194,2845,202,0,165,13,3227
507011153,800,31,10,0,0,843,1103,89,55,0,0,1242,270,45,58,0,3,376,83,95,74,0,0,252,209,27,19,0,0,260,0,43,15,0,0,58,22,0,0,0,0,28,4,3,3,0,0,9,589,210,178,0,3,981,12,3,3,0,0,20,182,36,42,0,0,263,2692,372,284,0,8,3348
507011154,1027,149,31,0,0,1211,985,276,55,0,14,1328,323,201,85,0,0,611,188,157,19,0,0,357,278,121,35,0,0,429,20,7,3,0,0,32,12,23,3,0,0,40,17,3,0,0,0,28,845,516,141,0,0,1496,14,9,0,0,0,19,272,93,40,0,0,415,3142,1039,266,0,20,4471
507011155,0,0,0,4,0,4,0,0,0,0,0,0,0,0,0,0,0,0,0,0,0,0,0,0,0,0,0,0,0,0,0,0,0,0,0,0,0,0,0,0,0,0,0,0,0,0,0,0,3,0,0,0,0,4,0,0,0,0,0,0,0,0,3,4,0,3,3,0,3,10,0,14
507011158,70,64,71,9,0,221,178,137,100,0,0,416,11,42,127,0,0,182,0,0,0,0,0,0,4,9,18,0,0,35,0,0,0,0,0,0,0,0,0,0,0,0,0,0,0,0,0,3,20,50,145,0,0,215,0,0,0,0,0,0,6,19,75,27,15,141,276,276,388,38,15,995
507011159,947,229,17,0,0,1194,1733,73,94,0,0,1907,373,19,230,0,0,624,77,61,29,0,0,165,255,21,30,0,0,300,3,0,0,0,0,3,23,0,0,0,0,26,7,3,0,0,0,14,731,108,291,0,3,1129,16,19,3,0,0,41,203,56,32,3,0,290,3628,484,438,3,4,4561
507011160,1217,177,16,0,0,1417,954,199,18,0,4,1175,304,245,55,0,9,616,32,73,0,0,0,103,197,117,30,0,0,341,0,6,0,0,0,13,32,21,3,0,0,55,14,3,0,0,0,21,576,467,90,0,9,1149,3,8,0,0,0,13,168,74,24,0,50,313,2920,931,152,0,63,4065
507011161,519,96,17,0,0,637,2435,283,102,0,3,2818,558,233,151,0,3,941,4,13,27,0,0,42,197,51,19,0,0,267,0,5,4,0,0,8,16,3,3,0,0,24,9,0,3,0,0,15,785,299,210,0,3,1297,21,56,0,0,0,72,190,49,73,0,0,320,3951,783,400,0,5,5145
507011163,534,53,0,0,0,583,1339,68,0,0,0,1405,171,47,0,0,0,224,64,68,0,0,0,139,129,14,0,0,0,142,3,0,0,0,0,3,18,7,0,0,0,22,10,3,0,0,0,16,389,136,0,0,3,536,6,0,0,0,0,5,142,45,0,0,0,191,2407,306,0,0,3,2713
507011259,518,10,3,0,0,538,1441,41,30,0,0,1512,280,51,7,0,0,340,59,23,20,0,0,99,137,9,6,0,0,149,0,0,0,0,0,0,13,3,0,0,0,19,10,0,0,0,0,10,503,81,29,0,0,620,5,0,0,0,0,5,156,18,10,0,0,188,2630,163,67,0,4,2864
507011260,339,0,0,0,0,339,367,3,0,0,0,368,56,12,0,0,0,61,3,0,0,0,0,3,34,0,0,0,0,37,0,0,0,0,0,0,9,0,0,0,0,9,3,0,0,0,0,3,104,12,0,0,0,117,3,0,0,0,0,3,45,4,0,0,0,50,849,20,0,0,0,870
507021164,806,189,55,3,0,1058,767,141,97,0,0,1006,130,100,120,4,3,356,12,23,20,0,0,55,64,57,38,4,0,166,0,0,4,0,0,3,0,5,4,0,0,18,8,0,4,0,0,12,214,184,197,7,3,608,4,0,3,0,0,9,88,34,62,0,0,186,1881,555,415,13,5,2865
507021165,1043,457,211,4,12,1726,1100,462,214,3,10,1787,292,409,377,0,0,1081,41,343,162,0,0,548,245,176,148,3,6,575,3,16,8,0,0,26,26,18,5,0,3,62,16,13,13,0,0,42,622,986,709,4,10,2333,21,15,12,0,4,53,224,283,297,41,22,865,3009,2203,1439,53,57,6764
507021166,1575,240,22,63,15,1909,1628,195,34,9,16,1876,347,136,59,5,3,547,176,209,58,0,0,446,360,93,26,3,3,484,18,22,0,0,0,42,29,16,0,20,9,74,23,12,0,3,0,37,961,485,146,28,20,1634,69,26,3,3,0,100,306,98,35,25,43,507,4537,1042,238,122,86,6030
507021167,0,0,0,0,0,0,0,0,0,0,0,0,0,0,0,0,3,3,0,0,0,0,0,0,0,0,0,0,0,0,0,0,0,0,0,0,0,0,0,0,0,0,0,0,0,0,0,0,0,0,0,0,3,7,0,0,0,0,0,0,0,0,0,0,0,3,0,0,0,0,3,6
507031169,371,3,0,0,0,377,2802,44,11,0,15,2872,699,50,6,0,3,760,69,19,11,0,0,93,187,13,3,0,0,199,7,0,3,0,0,9,32,0,3,0,0,43,3,0,0,0,0,5,995,77,25,0,3,1108,7,0,0,0,0,7,252,13,8,0,7,281,4433,147,46,0,22,4646
507031170,508,49,3,0,0,563,1195,34,18,0,0,1242,332,33,21,0,0,384,65,74,36,0,0,175,222,15,7,0,0,249,4,10,4,0,0,17,21,0,0,0,0,23,16,3,0,0,0,16,659,130,75,0,0,864,16,24,0,0,0,37,247,41,24,0,0,304,2620,274,117,0,3,3016
507031172,6,0,0,0,0,6,8,0,0,0,0,8,0,0,0,0,0,0,0,0,0,0,0,0,0,0,0,0,0,3,0,0,0,0,0,0,0,0,0,0,0,0,0,0,0,0,0,0,3,0,0,0,0,3,0,0,0,0,0,0,3,0,0,0,0,3,18,0,0,0,0,23
507031173,0,0,0,0,0,0,0,0,0,0,0,0,3,0,0,0,0,5,0,0,0,0,0,0,0,0,0,0,0,0,0,0,0,0,0,0,0,0,0,0,0,0,0,0,0,0,0,0,3,0,0,0,0,5,0,0,0,0,0,0,3,0,0,7,0,11,6,0,0,11,0,18
507031174,798,10,18,6,0,830,1666,32,67,34,0,1798,390,47,84,8,0,535,104,54,68,0,0,224,291,13,45,7,0,354,13,7,14,0,0,38,22,3,5,0,0,26,12,3,0,0,0,11,829,122,223,14,0,1189,11,0,0,0,0,18,327,26,68,32,0,460,3638,188,370,94,0,4294
507031261,313,9,0,3,0,324,988,94,0,0,6,1091,169,25,0,0,3,200,0,0,0,0,0,0,71,9,0,0,0,79,0,0,0,0,0,0,4,0,0,0,0,4,4,0,0,0,0,4,252,32,0,0,3,294,8,0,0,0,0,11,107,4,4,0,0,114,1671,139,6,3,17,1829
507041175,1367,342,67,0,0,1776,870,244,55,0,3,1172,324,211,136,0,3,683,3,3,0,0,0,7,177,97,41,0,0,318,0,0,0,0,0,4,6,9,0,0,0,21,9,4,0,0,0,15,521,332,179,0,5,1045,4,7,0,0,0,17,139,48,32,3,0,225,2897,981,340,3,15,4232
507041176,493,38,0,0,0,528,361,46,0,0,3,409,117,42,0,0,3,162,3,15,0,0,0,18,75,15,0,0,0,96,0,0,0,0,0,0,0,0,0,0,0,0,6,0,0,0,0,4,207,75,0,0,3,283,0,0,0,0,0,3,46,7,0,0,0,57,1108,167,0,0,4,1280
507041177,1307,565,41,0,3,1921,1427,571,25,0,6,2035,288,419,78,0,0,793,46,173,7,0,0,231,182,256,13,0,3,449,8,9,3,0,0,17,3,6,4,0,0,17,16,10,3,0,0,30,549,875,110,0,4,1533,24,11,22,0,0,53,178,165,34,0,0,379,3481,2185,239,0,18,5923
507041178,1720,497,48,3,3,2270,1324,325,38,0,5,1703,411,279,54,0,3,752,45,78,3,0,0,127,248,135,20,0,0,400,4,6,5,0,0,12,17,7,0,0,0,22,11,7,0,0,0,22,732,515,83,0,0,1333,22,8,4,0,0,39,182,99,37,0,3,325,3986,1447,204,3,18,5654
507041179,1020,85,55,0,3,1163,766,65,0,0,0,830,234,58,0,0,0,289,4,13,0,0,0,18,121,37,0,0,0,159,3,13,11,0,0,28,3,3,6,0,0,12,10,0,0,0,0,11,367,122,27,0,0,514,11,38,158,0,0,200,62,14,41,0,6,123,2219,322,278,0,7,2827
507041180,1595,98,0,0,8,1698,1419,62,0,0,0,1482,251,37,0,0,0,289,0,0,0,0,0,6,146,21,0,0,0,164,0,0,0,0,0,3,4,0,0,0,0,4,6,0,0,0,0,10,409,56,0,0,0,467,6,3,0,0,0,9,104,15,0,0,0,114,3531,236,0,0,8,3772
507041181,1976,454,9,0,3,2450,1808,384,19,0,11,2220,368,232,50,0,0,651,0,23,0,0,0,19,278,133,5,0,0,415,6,0,0,0,0,12,27,9,0,0,0,35,15,11,0,0,0,21,698,404,56,0,0,1162,39,0,0,0,0,46,199,84,20,0,0,303,4722,1329,114,6,20,6179
507041182,1611,183,31,0,0,1827,1144,112,20,0,8,1278,366,66,42,0,0,477,7,15,0,0,0,18,234,53,23,0,0,305,0,6,0,0,0,11,17,4,3,0,0,31,17,0,0,0,0,19,638,143,74,0,3,861,18,143,27,0,0,192,148,111,23,0,3,289,3557,693,175,0,15,4447
507041183,298,50,18,0,0,373,615,87,6,0,0,712,169,22,3,0,0,194,217,132,3,0,0,352,97,18,0,0,0,111,3,0,4,0,0,12,10,3,0,0,0,14,16,4,0,0,0,17,508,179,15,0,0,706,3,3,42,0,0,51,96,33,16,0,0,151,1531,352,101,0,0,1986
507041184,1064,8,0,0,0,1069,608,3,0,0,0,615,119,0,0,0,0,117,0,0,0,0,0,0,66,4,0,0,0,69,0,0,0,0,0,0,0,0,0,0,0,0,5,0,0,0,0,5,189,9,0,0,0,193,8,0,0,0,0,8,57,3,0,0,0,63,1923,21,0,0,0,1950
507051185,1445,66,0,28,3,1543,6090,113,0,3,18,6223,1517,145,0,0,4,1668,15,0,0,0,0,13,483,21,0,4,0,512,0,3,0,0,0,9,174,16,0,15,0,197,24,0,0,0,0,29,2211,184,0,18,9,2425,33,60,0,0,0,97,811,46,5,13,3,874,10590,464,5,70,31,11160
507051186,870,52,0,0,0,924,1287,35,0,0,0,1327,339,40,0,0,0,379,76,28,6,0,0,115,267,18,0,0,0,283,0,0,5,0,0,10,16,0,0,0,0,19,10,0,0,0,0,10,710,93,13,0,0,819,9,0,0,0,0,11,238,24,3,0,0,263,3121,206,12,3,0,3339
507051187,686,79,0,0,0,769,2257,34,0,0,0,2290,563,37,0,0,0,595,53,19,3,0,0,75,265,12,0,0,0,282,3,3,0,0,0,11,55,0,0,0,0,60,10,0,0,0,0,10,952,70,3,0,0,1025,9,70,0,0,0,86,282,37,0,3,0,326,4181,297,3,3,0,4488
507051188,1594,346,94,86,3,2118,1422,160,80,5,4,1665,600,381,188,0,0,1173,48,98,69,0,0,211,380,170,72,7,0,624,8,5,24,0,0,39,100,27,9,17,0,164,19,13,10,3,0,51,1155,707,371,28,4,2260,24,32,4,4,0,69,284,171,154,26,0,642,4486,1415,695,153,12,6753
507051189,0,0,0,0,0,0,0,0,0,0,0,0,0,0,0,0,0,0,0,0,0,0,0,0,0,0,0,0,0,0,0,0,0,0,0,0,0,0,0,0,0,0,0,0,0,0,0,0,0,0,0,0,0,0,0,0,0,0,0,0,3,0,0,0,0,3,3,0,0,0,0,3
507051190,1631,30,56,4,0,1722,1431,27,59,4,0,1531,469,47,147,0,0,668,57,15,27,0,0,97,321,26,48,0,0,397,7,0,0,0,0,11,36,3,8,0,0,50,22,3,3,0,0,20,909,90,240,4,0,1244,15,0,3,0,0,17,243,22,41,7,3,319,4226,174,398,21,5,4824
507051191,945,11,0,0,0,956,3505,75,0,0,6,3589,848,60,0,0,0,910,14,0,0,0,0,15,292,17,0,0,0,311,0,0,0,0,0,0,76,3,0,0,0,73,11,0,0,0,0,11,1238,81,0,0,0,1323,5,0,0,0,0,5,336,7,0,0,0,347,6026,183,0,3,3,6222
507051192,1103,20,0,0,0,1121,1991,15,0,0,4,2011,504,31,3,0,3,538,110,11,10,0,0,138,291,6,0,0,0,300,4,0,0,0,0,8,57,0,0,0,0,59,6,0,0,0,0,6,979,50,15,3,3,1048,10,0,0,0,0,10,282,12,3,0,0,301,4358,102,18,5,4,4492
507051193,831,29,0,0,0,863,1701,32,0,0,0,1733,477,30,0,0,0,510,80,62,0,0,0,140,298,12,0,0,0,311,4,7,0,0,0,12,16,3,0,0,0,24,12,0,0,0,0,11,883,119,3,0,3,1009,12,0,0,0,0,18,306,21,0,0,0,329,3733,203,4,3,3,3943
509011225,1830,209,3,55,5,2108,1313,50,0,3,10,1377,770,147,11,0,8,931,195,97,0,0,0,295,448,75,3,0,0,525,31,93,13,0,0,143,64,35,0,9,6,115,32,16,0,0,0,46,1537,459,31,10,15,2047,47,66,0,0,3,118,335,109,15,21,3,479,5061,891,52,92,36,6127
509011226,530,0,0,19,3,550,356,0,0,3,0,360,45,0,0,0,0,45,0,0,0,0,0,0,123,0,0,0,0,129,0,0,0,0,0,0,27,0,0,4,0,28,30,0,0,0,0,33,229,0,0,8,0,233,22,0,0,0,0,20,88,0,0,5,0,94,1220,3,0,36,8,1258
509011227,635,4,0,0,0,638,657,3,0,0,0,661,167,3,0,0,0,167,53,8,0,0,0,60,117,0,0,0,0,120,3,3,0,0,0,7,19,0,0,0,0,19,8,0,0,0,0,8,364,15,0,0,0,379,3,0,0,0,0,3,93,0,0,0,0,90,1752,17,0,0,0,1774
509011228,953,10,0,15,7,990,589,4,0,5,7,607,186,5,0,0,0,188,57,24,0,0,0,79,217,5,0,0,0,223,11,15,0,0,0,21,34,0,0,4,0,40,24,0,0,0,0,30,522,49,0,4,3,580,30,17,0,0,3,51,205,8,5,9,0,227,2307,90,3,30,19,2453
509011229,418,3,0,13,0,429,221,0,0,4,0,228,18,3,0,0,0,23,34,11,3,0,0,41,112,0,0,4,0,111,4,8,0,0,0,14,95,5,3,6,0,109,33,0,0,0,0,33,292,28,6,11,3,335,27,0,0,3,0,28,158,8,0,7,0,167,1114,40,6,35,9,1192
509011230,501,3,0,3,0,507,463,8,3,0,0,470,122,27,8,0,0,159,60,33,0,0,4,101,136,3,0,0,0,144,13,3,0,0,0,15,61,17,0,0,0,73,26,0,4,0,0,25,416,91,14,0,3,522,15,0,0,0,0,15,215,24,8,0,3,250,1602,117,28,7,14,1761
509011231,670,0,0,12,3,688,308,0,0,0,3,313,26,0,3,0,0,36,46,3,7,0,0,62,173,0,3,0,3,174,3,0,4,0,0,8,92,5,0,0,0,100,42,0,4,0,0,47,382,15,29,0,3,431,27,0,0,0,0,27,166,4,9,3,3,185,1555,18,30,13,17,1638
509011232,537,0,0,30,4,565,393,0,0,0,3,403,77,30,0,0,0,103,0,0,0,0,0,0,70,3,0,0,0,73,0,0,0,0,0,0,6,0,0,17,0,21,9,0,0,0,0,10,157,35,0,16,0,209,6,0,0,0,0,6,52,0,0,17,0,64,1146,34,0,58,11,1244
509011233,1030,16,0,75,7,1128,1434,8,0,9,5,1453,319,19,0,9,3,349,188,71,0,0,3,264,270,7,0,7,0,282,15,28,0,0,0,44,37,0,0,27,0,66,25,0,0,0,0,26,852,126,0,44,5,1021,19,0,0,0,0,20,243,29,0,22,0,291,3579,178,3,146,20,3921
509011234,761,4,0,13,14,793,570,0,0,9,13,594,158,0,4,0,0,163,46,0,0,0,0,48,142,3,0,0,0,150,11,0,0,0,0,11,52,0,0,0,0,49,24,0,0,0,0,24,440,4,4,0,0,448,17,0,0,0,0,23,195,0,5,7,0,203,1985,5,13,33,28,2057
509011235,0,0,0,0,0,0,0,0,0,0,0,0,0,0,0,0,0,0,0,0,0,0,0,0,0,0,0,0,0,0,0,0,0,0,0,0,0,0,0,0,0,0,0,0,0,0,0,0,0,0,0,0,0,0,0,0,0,0,0,0,0,0,0,0,0,0,0,0,0,0,0,0
509021236,550,0,0,4,4,556,951,0,0,14,10,975,53,0,0,0,0,53,0,0,6,0,0,13,90,0,0,0,0,94,0,0,0,0,0,3,19,0,0,0,0,21,20,0,0,0,0,22,185,0,15,3,0,204,15,0,0,0,0,19,154,0,3,0,0,162,1859,0,14,23,14,1922
509021237,642,0,0,13,14,667,332,0,0,8,5,341,35,0,0,0,0,35,65,10,5,0,0,76,137,3,3,0,5,143,16,7,6,0,0,25,75,3,6,0,5,92,27,0,0,0,0,37,345,19,24,6,12,407,18,0,0,0,0,16,188,3,0,17,6,213,1516,20,24,41,40,1653
509021238,720,4,0,20,9,745,350,0,0,7,0,356,34,0,0,0,0,34,77,0,0,0,0,76,171,4,0,4,0,180,25,9,0,0,0,32,111,7,0,3,0,121,34,0,0,0,0,33,445,20,0,10,4,479,9,0,0,0,0,12,133,0,0,20,3,153,1661,21,3,53,19,1753
509021239,1285,20,0,85,22,1414,971,8,5,7,13,1005,161,22,3,0,0,190,49,5,0,0,0,56,267,14,0,3,3,294,3,0,0,0,0,3,115,7,3,17,12,149,45,0,0,9,0,58,644,45,9,29,13,735,30,0,0,18,0,46,335,14,4,21,32,410,3271,86,17,160,79,3604
509021240,732,0,0,16,3,749,478,0,0,3,0,486,36,0,3,0,0,44,88,43,3,0,0,134,235,8,0,3,8,244,15,13,0,0,0,27,121,3,0,14,3,148,19,0,0,0,0,21,513,65,14,15,8,621,21,0,0,3,0,27,187,10,3,5,7,214,1934,85,17,45,19,2097
509021241,675,3,0,21,8,698,410,0,0,3,3,411,27,0,0,0,0,33,90,15,0,0,0,105,197,0,0,3,4,200,10,3,0,0,0,17,139,11,0,8,0,160,44,0,0,3,0,50,505,38,4,13,6,561,28,0,0,0,0,24,176,3,3,35,9,239,1791,43,6,72,22,1938
509021242,524,0,0,23,6,552,202,0,0,4,0,208,3,0,0,0,0,3,63,6,0,0,0,70,151,7,0,3,0,166,3,3,0,0,0,8,99,13,0,3,0,110,26,0,0,0,0,27,342,33,0,12,0,383,9,0,0,0,0,9,134,5,3,22,0,161,1210,41,3,55,8,1321
509021243,1282,3,8,30,7,1335,1407,3,4,5,8,1429,298,18,24,0,0,344,202,29,27,0,0,265,298,0,4,0,0,305,3,0,7,0,0,13,77,4,3,8,3,96,22,0,0,0,0,21,908,54,69,14,5,1044,30,0,0,0,0,30,369,17,16,11,6,417,3990,80,100,62,28,4257
509021244,693,3,0,17,3,717,724,0,0,9,3,739,74,0,0,0,0,74,14,0,0,0,0,14,93,0,0,3,0,100,0,7,0,0,0,10,12,0,0,5,0,24,19,0,0,0,0,18,215,10,0,12,0,236,12,0,0,0,0,13,194,8,0,18,3,215,1832,23,0,50,10,1920
509021245,932,10,8,18,11,976,623,0,0,0,3,635,119,0,0,0,0,125,36,23,23,0,0,78,122,0,3,3,6,130,3,0,0,0,0,0,33,0,0,0,3,34,28,0,0,0,0,31,337,22,27,4,8,400,17,8,0,0,0,32,241,3,13,4,6,269,2147,52,52,23,34,2304
509031246,634,0,8,10,17,667,308,0,0,3,10,318,21,0,0,0,0,19,52,10,12,0,0,72,153,3,0,0,0,160,16,3,10,0,0,31,77,0,3,0,0,86,21,0,0,0,0,18,334,14,24,4,4,382,16,0,0,0,0,21,142,7,4,10,4,159,1441,23,33,24,31,1558
509031247,762,3,0,20,9,798,301,3,0,3,0,307,12,0,0,0,0,18,71,14,9,0,0,95,155,0,0,3,0,158,3,3,7,0,0,14,130,12,0,3,7,156,45,0,0,0,0,46,419,34,15,11,9,487,32,0,0,3,0,34,159,6,3,9,8,182,1673,52,20,39,21,1807
509031248,294,0,3,9,0,311,309,0,0,0,0,316,82,7,3,0,0,99,8,4,0,0,0,16,77,0,3,3,0,83,0,0,0,0,0,0,40,0,0,3,0,44,7,0,0,0,0,8,224,8,11,7,0,250,5,0,0,0,0,7,98,3,8,3,3,108,932,18,16,29,6,992
509031249,528,11,0,19,0,557,498,0,0,4,0,504,133,18,7,0,0,167,79,41,0,5,0,125,147,3,0,3,0,157,0,0,0,21,0,19,52,6,0,0,3,65,13,3,0,0,0,11,424,76,14,31,3,550,9,0,0,11,0,23,169,28,0,10,0,208,1629,123,19,72,3,1849
509031250,829,3,0,17,12,855,518,0,0,3,0,526,42,0,0,0,0,42,24,15,0,0,0,46,177,4,0,3,4,189,4,22,0,0,0,33,83,3,0,0,0,89,49,4,0,0,0,52,390,48,0,4,4,447,16,0,0,0,0,16,208,8,0,5,3,224,1961,67,3,23,17,2069
510011262,493,22,16,1125,19,1665,1106,43,37,53,10,1247,549,146,158,21,3,877,548,83,52,0,23,702,237,27,30,37,9,344,29,0,0,0,0,33,355,66,26,180,25,650,51,7,9,9,8,84,1767,321,274,249,73,2682,36,3,3,29,4,72,476,102,78,303,14,971,3881,488,403,1754,119,6642
510011263,135,4,3,420,3,562,155,0,0,28,5,185,78,33,0,4,0,113,881,90,47,4,4,1026,55,11,0,26,3,89,48,0,0,3,0,51,221,53,32,88,8,393,33,4,3,13,0,51,1303,193,78,130,13,1729,14,0,0,36,4,52,194,58,27,156,11,446,1803,257,112,770,36,2974
510011264,29,0,3,144,5,181,6,0,0,19,0,27,0,0,0,3,0,3,342,56,10,4,0,418,13,0,0,6,0,19,49,10,0,0,0,55,71,35,10,27,0,141,19,3,0,6,0,23,489,103,24,46,4,667,13,0,0,18,0,35,167,39,12,35,0,249,714,144,32,261,10,1156
510011265,195,4,3,668,21,894,306,12,8,67,9,404,141,56,14,10,3,233,303,61,19,3,3,389,163,16,12,53,3,244,131,6,3,0,0,142,242,51,30,152,6,485,38,7,0,20,0,65,1015,198,79,239,17,1554,13,0,0,39,0,50,224,58,20,293,18,612,1760,269,117,1308,68,3522
510011266,67,0,0,482,3,549,39,0,0,28,0,70,3,0,0,6,0,8,319,0,0,0,0,325,15,0,0,8,0,22,22,3,0,4,0,27,39,0,0,36,0,79,21,0,0,7,0,27,419,3,0,58,3,489,12,0,0,12,0,24,129,0,0,150,4,284,663,3,5,735,14,1414
510021267,34,0,0,175,4,216,20,0,0,7,3,31,12,0,0,0,0,12,139,5,3,0,0,148,10,0,0,4,0,13,94,0,0,0,0,95,44,0,0,16,11,72,18,0,0,3,0,18,316,3,3,26,12,356,17,0,0,14,4,27,75,3,9,79,37,205,468,12,12,289,53,833
510021268,61,3,0,19,0,84,55,3,0,3,0,61,238,17,14,3,0,269,60,17,0,0,0,80,33,3,0,3,0,38,8,0,0,0,0,8,687,23,20,12,13,751,11,0,3,3,5,25,1030,57,40,16,13,1169,17,0,5,3,7,35,169,30,22,0,7,223,1329,97,71,40,29,1561
510021269,81,6,5,59,0,152,99,4,7,3,0,115,221,21,170,0,0,408,47,17,10,0,0,77,41,0,7,3,0,61,3,0,5,0,0,14,405,33,138,15,9,599,32,0,11,0,0,42,748,74,346,16,11,1197,18,0,0,6,0,18,115,11,114,95,12,351,1063,99,474,176,23,1832
510021270,136,10,8,26,3,183,282,17,3,3,0,304,661,91,113,0,3,864,388,25,11,0,7,426,59,5,5,3,0,77,12,0,0,0,0,14,659,99,86,8,8,865,27,4,5,0,0,37,1816,228,215,13,16,2283,15,4,3,0,0,24,422,67,48,136,6,684,2666,327,274,184,24,3476
510031271,96,3,0,342,7,452,50,0,4,20,3,77,92,23,15,3,0,136,78,10,3,4,0,93,47,0,3,16,0,62,60,3,0,0,0,64,1185,124,36,55,11,1411,36,0,3,4,3,48,1499,156,61,82,12,1814,13,0,7,27,3,47,145,15,10,181,26,381,1803,173,89,650,51,2763
510031272,206,14,3,138,0,364,683,55,8,3,3,747,1133,188,143,3,0,1472,358,100,16,0,0,480,170,21,12,4,0,207,8,0,0,0,0,11,1476,112,62,30,12,1687,83,15,4,3,0,99,3223,445,226,39,15,3945,40,4,4,3,0,52,513,84,74,42,3,710,4672,591,312,227,21,5816
510031273,103,3,3,209,6,323,165,0,3,7,0,181,106,27,3,0,0,134,84,45,0,0,3,130,55,3,0,3,0,66,23,0,6,3,0,30,474,154,24,14,3,678,9,5,0,0,4,20,757,234,30,22,17,1059,7,6,0,3,0,19,89,25,9,46,18,188,1116,266,48,290,43,1764
511011274,1282,67,9,71,34,1467,1329,16,7,15,13,1375,369,80,19,0,0,474,126,70,8,0,4,207,399,50,20,4,7,486,5,36,0,0,0,43,85,24,3,12,11,127,39,7,0,0,0,47,1025,269,54,13,25,1389,19,10,0,0,0,28,411,85,9,32,7,548,4068,445,82,135,75,4805
511011275,468,6,0,12,6,491,214,0,0,3,8,228,65,0,4,0,0,69,26,8,0,0,0,37,110,0,0,3,0,115,3,4,0,0,0,6,176,3,0,6,10,191,52,0,0,0,0,56,426,14,10,14,14,474,19,0,0,0,0,19,187,0,0,12,81,284,1311,20,10,50,107,1491
511021276,419,9,8,500,11,938,379,5,5,9,7,412,116,16,14,0,0,148,213,55,4,0,5,273,139,16,10,7,3,177,13,12,0,0,0,31,115,20,7,49,3,190,19,4,3,3,0,32,612,124,36,57,5,843,3,4,0,9,0,14,271,41,4,162,8,491,1683,183,55,745,38,2698
511021277,299,9,3,1333,41,1692,326,5,0,80,8,414,195,19,11,10,0,241,150,11,0,0,0,163,87,9,3,37,3,140,10,0,0,0,0,11,143,10,9,153,8,319,25,0,0,20,0,45,614,56,22,219,16,925,18,0,0,63,4,92,169,42,0,360,67,638,1429,112,31,2055,129,3758
511031278,394,20,0,46,16,476,947,61,3,10,4,1025,276,123,3,0,0,405,58,71,3,0,0,136,202,26,0,4,0,237,0,0,0,0,0,0,33,6,0,43,5,84,10,8,0,5,0,17,577,234,10,45,3,873,3,3,0,0,0,9,238,65,4,133,5,453,2165,393,19,240,29,2838
511031279,684,40,0,59,21,813,1705,137,8,3,0,1848,462,359,85,0,0,903,154,152,26,0,3,335,241,60,17,0,3,319,4,14,21,0,0,42,125,59,14,65,6,265,15,8,0,0,0,22,997,653,161,67,19,1896,13,3,0,0,0,15,364,139,27,94,17,641,3766,964,199,223,61,5210
511031280,453,29,0,0,0,482,1245,48,3,0,0,1297,420,153,3,0,0,583,123,68,0,0,0,194,158,29,0,0,0,190,0,8,0,0,0,15,121,51,4,0,0,181,6,3,0,0,0,15,836,313,12,0,9,1165,7,3,0,0,0,11,179,65,4,0,3,259,2721,463,19,0,13,3221
511031281,0,0,0,0,0,0,0,0,0,0,0,0,0,0,0,0,0,0,0,0,0,0,0,0,0,0,0,0,0,0,0,0,0,0,0,0,0,0,0,0,0,0,0,0,0,0,0,0,0,0,0,0,0,0,0,0,0,0,0,0,0,0,0,0,0,0,0,0,0,0,0,0
511031282,357,6,3,46,10,421,481,8,0,5,3,506,220,46,12,0,0,281,31,12,3,0,0,45,130,0,0,3,0,136,19,0,7,0,0,25,62,5,0,14,3,88,17,0,0,5,0,26,492,61,23,21,10,600,7,0,0,3,3,13,183,14,14,136,64,415,1516,103,34,214,82,1949
511031283,57,0,0,80,12,152,36,0,0,11,0,50,4,0,0,0,0,4,381,4,3,0,0,392,50,3,0,9,3,67,47,0,0,0,3,51,200,13,13,18,11,254,36,7,3,3,0,51,716,29,20,26,19,817,14,0,3,4,0,25,177,12,19,41,9,258,1002,44,44,164,41,1295
511031284,0,0,0,0,0,0,0,0,0,0,0,0,0,0,0,0,0,0,0,0,0,0,0,0,0,0,0,0,0,0,0,0,0,0,0,0,0,0,0,0,0,0,0,0,0,0,0,0,0,0,0,0,0,0,0,0,0,0,0,0,0,0,0,0,0,0,0,0,0,0,0,0
511041285,1233,141,18,86,47,1534,1060,50,7,4,3,1128,399,274,83,0,12,763,151,204,77,0,4,432,395,88,30,4,0,522,19,35,0,0,0,53,60,28,9,18,3,115,19,10,0,0,0,33,1047,628,199,25,21,1914,19,23,11,4,0,51,343,153,59,27,15,596,3708,1001,298,147,81,5227
511041286,663,13,0,15,0,689,1089,10,0,34,0,1128,167,44,0,4,0,216,100,23,0,17,0,139,182,16,0,12,0,210,14,0,0,0,0,10,14,3,0,0,0,18,10,0,0,0,0,11,498,77,0,29,0,610,3,0,0,0,0,5,204,23,3,24,0,258,2459,129,3,103,3,2690
511041287,755,4,0,94,3,854,1100,3,0,10,0,1109,361,5,0,0,0,366,54,10,0,0,0,64,181,0,0,3,0,187,6,0,3,0,0,13,45,0,0,12,0,59,6,0,0,0,0,6,649,17,10,17,0,696,13,0,0,3,0,14,171,3,3,21,0,198,2684,28,12,149,10,2873
511041288,843,132,3,15,0,991,1244,113,4,0,0,1356,455,81,4,0,0,544,117,7,0,0,0,123,221,62,0,0,0,288,3,0,0,0,0,3,82,8,0,3,0,89,9,0,0,0,0,8,884,161,9,3,0,1060,17,15,0,0,0,34,211,25,3,4,15,253,3196,448,14,18,19,3696
511041289,551,8,3,48,23,640,397,0,4,8,3,411,133,8,0,0,3,144,34,14,23,0,0,71,87,3,0,5,0,97,6,0,3,0,0,10,26,0,0,26,5,62,18,0,3,0,0,18,300,33,33,32,12,413,13,0,0,7,0,19,88,0,8,6,3,113,1355,44,47,100,39,1587
511041290,160,0,0,102,21,291,63,0,0,10,3,71,4,0,0,0,0,3,136,4,8,3,0,148,53,0,0,3,3,51,19,0,0,0,0,19,111,0,18,15,15,155,24,0,0,0,0,30,346,9,24,21,14,418,9,0,0,9,8,24,165,3,12,68,26,280,748,9,37,210,69,1075
511041291,646,5,0,80,12,740,274,0,0,10,3,285,31,0,0,0,0,33,50,4,4,0,0,65,167,4,6,5,0,180,10,0,0,0,0,10,156,0,4,17,3,187,49,0,0,0,0,53,473,12,19,30,5,527,16,0,0,6,0,29,132,4,3,26,7,167,1540,14,24,148,26,1747
511041292,892,17,11,377,7,1305,548,3,3,18,0,574,70,16,14,0,0,109,51,3,7,0,0,56,220,20,12,14,3,266,8,0,6,0,0,12,83,3,8,50,0,144,43,0,0,9,0,55,482,42,46,69,7,644,37,0,0,7,0,46,251,4,8,193,17,471,2205,74,73,658,31,3040
597979799,0,0,0,0,0,0,0,0,0,0,0,0,0,0,0,0,0,0,0,0,0,0,0,0,0,0,0,0,0,0,0,0,0,0,0,0,0,0,0,0,0,0,0,0,0,0,0,0,0,0,0,0,0,0,0,0,0,0,0,0,0,0,0,0,0,0,0,0,0,0,0,0
