SA2_MAINCODE_2016,P_Oth_svc_15_19_yr,P_Oth_svc_20_24_yr,P_Oth_svc_25_34_yr,P_Oth_svc_35_44_yr,P_Oth_svc_45_54_yr,P_Oth_svc_55_64_yr,P_Oth_svc_65_74_yr,P_Oth_svc_75_84_yr,P_Oth_svc_85_yr_over,P_Oth_svc_Tot,P_Inad_desc_Ns_15_19,P_Inad_desc_Ns_20_24,P_Inad_desc_Ns_25_34,P_Inad_desc_Ns_35_44,P_Inad_desc_Ns_45_54,P_Inad_desc_Ns_55_64,P_Inad_desc_Ns_65_74,P_Inad_desc_Ns_75_84,P_Inad_desc_Ns_85,P_Inad_desc_Ns_Tot,P_Tot_15_19_yr,P_Tot_20_24_yr,P_Tot_25_34_yr,P_Tot_35_44_yr,P_Tot_45_54_yr,P_Tot_55_64_yr,P_Tot_65_74_yr,P_Tot_75_84_yr,P_Tot_85_yr_over,P_Tot_Tot
501011001,10,0,24,12,12,11,7,0,0,74,0,0,8,10,25,22,5,4,3,81,118,89,342,550,553,523,193,40,4,2415
501011002,32,39,75,96,91,71,14,0,0,430,16,37,61,94,89,67,28,8,0,398,754,813,1765,2484,2581,1864,475,55,5,10796
501011003,8,10,22,39,34,18,0,0,0,146,10,14,47,43,37,36,23,0,0,217,228,238,855,1204,1129,812,237,27,5,4738
501011004,3,12,29,36,42,14,3,0,0,139,12,14,39,63,43,43,8,3,0,227,226,233,983,1152,942,665,151,15,5,4378
501021005,21,45,60,69,69,27,7,0,0,302,23,19,53,62,70,43,18,3,0,290,514,583,1528,1724,1772,1149,213,18,0,7506
501021007,8,8,8,19,23,14,3,0,0,86,3,3,18,23,23,11,4,0,0,94,127,144,383,461,610,444,131,19,3,2313
501021008,4,19,19,17,30,13,0,0,0,102,6,22,31,25,35,17,5,0,0,134,143,291,606,514,543,444,89,5,3,2643
501021009,14,18,28,27,25,15,6,0,0,132,4,14,28,20,27,14,8,0,0,127,204,299,595,618,793,576,117,11,3,3216
501021010,7,8,11,12,13,7,3,0,0,59,3,8,5,13,12,15,3,4,0,59,104,96,177,299,396,292,94,19,7,1478
501021011,0,0,0,0,0,0,0,0,0,0,0,0,0,0,0,0,0,0,0,4,0,0,0,0,0,5,0,0,0,11
501021012,19,33,75,48,37,31,8,3,0,256,16,20,45,38,26,27,8,4,0,181,373,495,1150,1109,1116,760,123,16,0,5142
501021014,8,15,21,32,30,18,6,0,0,130,10,17,31,29,33,41,16,4,0,185,248,243,587,777,936,683,200,45,3,3726
501021015,6,20,47,23,27,26,9,0,0,154,3,8,22,21,24,21,10,0,0,110,177,264,699,568,633,505,112,8,3,2970
501021016,4,5,14,16,9,13,0,0,0,56,5,11,11,8,14,15,0,0,0,66,97,114,243,293,399,305,74,11,3,1558
501021251,19,11,33,37,38,14,5,0,0,156,13,10,31,36,37,12,0,0,0,149,369,334,802,1078,973,395,76,5,0,4031
501021252,7,11,11,14,29,11,4,0,0,76,3,6,4,10,22,8,0,0,0,60,110,84,116,297,426,306,35,3,3,1380
501021253,8,19,56,51,44,46,18,0,0,235,8,20,40,41,32,42,12,5,0,200,273,427,1067,1119,1285,1048,283,29,0,5536
501021254,7,10,20,21,12,13,4,0,0,82,8,8,19,20,12,17,0,0,0,84,108,155,403,421,413,338,48,9,0,1899
501031017,8,7,10,24,20,11,7,0,0,80,15,5,9,13,29,38,16,4,0,130,141,102,274,527,653,617,251,51,0,2621
501031018,8,6,18,19,20,17,5,0,0,86,7,6,14,13,31,23,7,3,0,109,116,119,330,458,586,578,187,20,7,2406
501031019,6,14,21,9,26,17,7,0,0,103,6,4,14,15,24,21,7,3,0,106,168,191,427,445,594,497,141,31,3,2501
501031020,5,5,5,4,10,5,3,0,0,43,8,11,20,13,15,28,12,3,0,107,90,99,233,382,585,551,209,42,5,2188
502011021,9,8,23,17,27,16,3,0,0,94,9,13,16,22,30,14,11,0,0,115,157,184,419,606,659,459,117,7,3,2596
502011022,6,17,23,20,20,21,4,0,0,113,11,20,25,30,36,20,15,3,0,156,202,295,502,648,831,620,141,14,0,3254
502011023,11,13,26,18,19,19,8,0,0,110,8,24,31,14,41,29,4,3,0,160,219,331,652,592,814,521,90,16,3,3233
502011024,20,27,55,63,58,38,11,4,0,269,24,18,50,53,60,46,20,3,3,267,536,628,1028,1459,1740,1243,297,41,3,6976
502011025,14,20,27,25,25,19,8,0,0,140,4,8,31,18,27,15,12,3,0,123,155,297,639,555,699,606,152,18,0,3127
502011026,0,17,10,19,19,14,3,0,0,75,9,6,15,16,22,22,9,0,0,101,133,192,296,396,506,446,104,10,0,2079
502011027,22,40,81,60,57,27,0,0,0,290,11,27,70,63,59,28,6,0,0,273,482,719,1691,1659,1675,957,169,16,0,7370
502011028,9,11,16,15,33,22,16,0,0,116,4,19,23,27,26,27,13,10,0,160,197,294,552,595,761,692,196,32,3,3316
502011029,9,16,29,31,22,24,4,0,0,142,8,20,36,41,42,19,11,3,0,176,227,273,618,733,865,556,170,25,6,3475
503011030,3,11,0,5,14,13,8,3,0,69,16,19,4,20,43,34,12,0,0,139,212,297,235,453,869,551,159,66,12,2860
503011031,5,11,18,13,16,12,6,0,0,89,3,12,26,38,39,16,15,0,4,165,137,354,771,597,730,554,294,59,5,3504
503011032,3,12,19,8,14,8,6,0,0,71,8,14,37,27,39,24,13,3,0,169,142,270,700,632,809,674,243,32,6,3514
503011033,7,12,13,15,22,20,6,0,0,92,9,8,16,35,40,19,4,0,0,139,221,351,448,807,1094,693,141,24,0,3769
503011034,5,9,29,22,32,9,6,0,0,124,3,7,34,50,43,30,17,5,3,199,214,416,932,872,1094,750,320,60,6,4656
503011035,10,19,27,29,18,31,8,3,0,148,12,43,42,54,75,43,33,13,0,319,574,1054,1213,1409,1709,1364,580,107,6,8015
503011036,4,10,7,16,23,21,5,3,0,90,5,5,18,29,25,42,15,6,0,144,218,321,530,768,986,755,278,50,0,3904
503021037,0,0,0,0,0,0,0,0,0,0,0,0,0,0,0,0,0,0,0,0,0,0,0,0,0,3,0,0,0,6
503021038,9,26,52,41,32,29,10,0,0,189,3,11,68,65,63,20,3,0,0,232,170,447,1632,1445,1192,694,149,10,0,5745
503021039,5,28,89,40,45,57,14,0,0,280,14,32,79,78,68,47,16,4,0,337,333,842,2377,1803,1733,1258,319,28,0,8701
503021040,7,17,52,22,37,28,4,0,0,155,0,12,40,35,44,9,9,3,0,157,140,387,1307,1076,985,572,145,16,0,4626
503021041,8,54,244,88,72,66,11,3,0,547,10,83,365,185,138,70,46,6,3,902,245,1858,8377,3621,2560,1822,510,66,13,19071
503021042,5,27,47,29,36,30,8,0,0,181,9,18,83,55,59,52,22,0,0,298,259,654,2064,1671,1625,1229,476,65,4,8048
503021043,4,33,82,53,41,40,11,0,0,266,8,15,111,95,63,35,12,7,4,355,283,806,2825,2191,1504,1113,317,41,9,9094
504011044,10,31,71,79,53,34,9,0,0,296,19,18,78,60,66,47,15,0,0,299,311,541,1671,1663,1535,1092,280,21,4,7112
504011045,13,47,125,86,104,59,11,0,0,449,17,39,137,136,118,61,16,0,0,528,466,916,2896,2787,2366,1582,311,33,0,11355
504011046,5,28,89,47,27,23,6,0,0,224,5,25,101,58,46,38,8,0,0,282,137,634,2589,1539,975,685,188,16,0,6763
504011047,13,53,156,106,98,69,27,0,0,524,20,59,153,103,111,59,24,0,0,529,420,1036,2714,2089,1968,1369,394,36,4,10029
504011048,3,17,20,29,49,43,17,7,0,175,6,25,41,38,46,36,13,3,0,209,176,349,662,686,797,812,226,17,0,3731
504021049,4,8,3,14,9,11,3,0,0,56,0,12,15,14,29,6,3,0,0,83,72,104,179,248,387,278,67,8,0,1346
504021050,11,9,13,26,31,21,7,0,0,121,10,12,12,26,46,27,13,3,0,142,223,219,348,669,933,695,215,18,0,3319
504021051,9,15,23,22,25,17,8,0,0,122,6,6,13,21,36,19,8,0,0,112,160,238,487,506,640,432,104,17,0,2580
504021052,0,0,0,0,0,0,0,0,0,0,0,0,0,0,0,0,0,0,0,0,0,0,0,0,0,0,0,0,0,4
504021053,31,30,57,49,67,53,6,0,0,287,28,32,41,55,87,51,12,8,0,307,389,439,780,1145,1603,1219,277,37,3,5897
504021054,9,28,68,58,53,54,13,0,0,276,18,24,49,51,64,44,18,0,0,261,294,493,1080,979,1199,962,247,22,0,5266
504031055,0,0,0,0,0,0,0,0,0,0,0,0,0,0,0,0,0,0,0,0,0,0,0,0,0,0,0,0,0,7
504031056,21,57,89,89,108,60,13,3,0,448,19,51,101,93,132,64,11,6,0,481,577,989,1668,1650,2288,1502,225,18,0,8927
504031057,13,41,115,86,70,56,6,0,0,395,18,47,112,121,85,59,13,0,0,458,423,799,2056,1832,1665,1125,201,7,0,8107
504031058,4,23,32,22,36,17,0,0,0,126,9,19,17,35,34,24,7,3,0,150,144,251,395,498,628,403,103,5,0,2423
504031059,28,95,258,200,138,49,11,0,0,771,36,91,245,168,148,68,10,3,0,763,886,1662,4924,4415,3254,1478,289,21,0,16928
504031060,3,8,11,9,20,11,0,0,0,68,0,3,10,16,12,12,8,3,0,64,77,127,120,262,410,263,73,13,4,1344
504031061,3,16,22,24,26,15,4,0,0,111,3,10,22,24,27,19,0,0,0,102,94,149,433,487,425,334,57,15,0,1997
504031062,14,28,62,53,36,30,10,3,0,231,18,25,71,63,41,40,5,0,0,257,211,476,1423,1144,941,610,115,13,0,4936
504031063,0,0,0,0,0,0,0,0,0,0,0,0,0,0,0,0,0,0,0,0,0,0,0,0,0,0,0,0,0,3
504031064,0,0,0,0,0,0,0,0,0,0,0,0,0,0,0,0,0,0,0,0,0,0,0,0,0,0,0,0,0,0
504031065,3,13,33,26,22,15,4,0,0,115,3,12,20,16,24,21,5,8,0,114,138,233,450,412,560,411,121,21,3,2350
504031066,8,27,40,25,40,31,10,0,0,178,0,21,39,42,52,21,13,0,0,193,211,493,1027,945,904,654,173,6,0,4410
504031067,3,20,44,29,34,15,3,0,0,142,15,21,43,33,41,14,11,0,0,172,226,350,679,710,785,436,95,9,4,3290
504031068,13,24,68,52,44,24,14,0,0,244,10,23,51,41,46,33,15,0,0,218,274,459,1062,1070,1151,721,192,22,0,4946
504031069,0,0,0,0,0,0,0,0,0,0,0,0,0,0,0,0,0,0,0,0,0,0,0,0,0,0,0,0,0,0
505011070,5,33,74,55,29,26,11,0,0,235,8,20,40,56,48,31,3,0,0,199,205,432,1428,1074,879,706,128,6,0,4871
505011071,17,39,44,64,96,42,7,0,0,308,26,39,43,54,94,39,9,0,0,307,598,805,1099,1471,2053,1007,171,17,0,7215
505011072,17,21,41,71,60,44,11,0,0,266,7,20,50,69,66,47,14,3,4,281,411,599,993,1747,1792,1335,407,21,7,7294
505011073,10,18,47,55,50,34,22,0,0,247,13,30,53,47,51,47,19,3,0,253,303,472,1380,1489,1328,1034,348,24,0,6381
505011074,16,24,75,47,30,29,3,0,0,220,8,33,62,63,60,42,7,0,0,274,329,525,1187,1096,1135,923,183,18,0,5391
505011075,3,29,27,31,46,26,7,0,0,168,3,18,31,43,57,50,12,0,0,211,353,541,664,1072,1409,1128,248,20,0,5428
505011076,13,22,21,25,35,37,4,0,0,159,12,16,19,44,60,40,6,0,0,200,357,484,455,1044,1487,765,84,6,0,4690
505011077,11,43,84,40,66,49,7,0,0,304,18,38,66,49,42,37,19,0,0,262,379,829,1640,1201,1483,1160,218,15,4,6919
505011078,13,24,43,44,49,57,20,0,0,256,12,10,34,55,61,49,9,0,0,228,349,479,1002,1318,1397,1403,312,14,0,6272
505011079,3,17,35,39,52,38,12,0,0,201,10,21,33,52,60,32,20,3,4,227,354,478,755,1152,1405,924,276,11,7,5357
505011080,11,7,20,21,34,28,3,0,0,129,11,11,18,33,49,26,19,0,0,171,321,405,473,688,1136,801,170,15,0,4010
505011081,3,16,40,49,34,23,5,0,0,179,5,16,42,38,40,25,13,0,0,179,182,322,957,972,790,672,171,13,0,4084
505011082,12,14,26,21,35,26,7,0,0,137,13,20,28,41,51,37,19,0,0,210,267,403,555,870,1207,1043,286,31,3,4665
505011083,10,29,27,28,61,40,7,0,0,208,16,20,17,31,68,36,10,0,0,205,406,524,538,878,1359,1029,162,17,0,4916
505021084,9,23,119,58,64,36,9,0,0,315,9,25,84,67,70,43,16,6,0,314,267,601,2016,1603,1330,944,296,30,0,7084
505021085,11,50,106,67,64,41,9,0,0,347,21,63,175,141,91,72,13,5,0,581,297,895,2599,1601,1269,855,188,20,0,7723
505021086,19,40,111,96,114,71,31,3,0,486,13,57,126,103,106,91,32,11,0,544,505,1028,2376,2341,2555,1836,496,87,14,11237
505021087,0,0,0,0,0,0,0,0,0,0,0,0,0,0,0,0,0,0,0,0,0,0,0,0,0,0,0,0,0,0
505021088,5,36,104,59,53,42,14,0,0,322,4,25,106,78,61,38,16,8,0,335,288,708,3012,1800,1458,987,229,25,3,8513
505021089,14,32,55,86,58,71,20,5,0,335,14,27,59,103,94,54,26,3,3,385,521,691,1521,2353,2325,1581,489,47,10,9542
505021090,9,48,163,73,48,27,4,0,0,376,9,40,173,84,63,48,7,4,0,422,211,819,3511,1837,1054,777,161,26,4,8391
505021091,0,0,0,0,0,0,0,0,0,0,0,0,0,0,0,0,0,0,0,0,0,0,0,0,0,0,0,0,0,0
505021092,5,30,133,66,42,32,9,3,0,331,3,23,120,95,59,36,15,7,0,358,203,742,3162,1905,1438,1008,253,38,4,8754
505021093,6,23,94,40,58,36,20,0,0,273,5,20,73,74,50,40,17,4,0,292,247,670,2007,1509,1265,932,271,39,0,6940
505021094,3,9,33,25,16,12,9,0,0,115,10,9,17,49,35,14,7,0,3,147,186,245,643,782,836,654,198,20,8,3561
505021095,9,26,92,49,37,33,4,0,0,249,8,15,97,48,35,16,8,0,0,225,138,498,2423,1436,969,659,161,18,3,6306
505021096,7,13,48,34,54,28,6,0,0,195,9,25,29,56,56,44,19,5,0,245,358,538,996,1472,1616,1024,298,52,5,6360
505021097,9,25,79,49,51,33,18,7,0,281,15,29,83,64,68,46,21,3,0,316,292,663,2052,1588,1517,1066,309,47,11,7544
505031098,5,41,62,65,54,44,13,0,0,293,11,38,69,70,74,45,4,0,0,323,253,587,1025,1045,1178,825,152,14,0,5070
505031099,17,47,128,114,82,17,7,0,0,424,33,51,110,100,86,37,10,0,0,432,618,1010,2417,2369,1969,806,178,19,0,9390
505031100,24,68,142,89,74,33,3,0,0,430,18,49,95,77,75,28,3,0,0,352,498,856,2356,1996,1646,716,115,5,0,8193
505031101,18,39,93,60,53,25,4,0,0,295,16,43,101,52,54,35,0,0,0,299,360,734,1835,1360,1186,615,122,9,0,6217
505031102,7,20,51,48,21,21,9,0,0,180,7,22,70,57,46,20,12,0,0,236,159,349,881,771,651,419,114,10,0,3354
505031103,24,51,145,169,115,57,12,0,0,572,30,52,122,153,136,58,18,3,0,574,797,1110,2928,3384,2836,1319,274,22,0,12664
505031104,8,28,60,48,64,41,3,0,0,257,17,26,65,55,61,32,10,3,0,269,276,487,1050,1022,1031,695,133,19,0,4719
505031105,22,34,58,69,103,45,7,0,0,339,25,53,33,84,115,81,11,4,0,406,790,881,1162,2038,2811,1256,209,18,0,9158
505031106,0,0,0,0,0,0,0,0,0,0,0,0,0,0,0,0,0,0,0,0,0,0,0,3,0,0,0,0,0,4
505031107,20,33,68,87,76,29,9,0,0,322,15,17,70,75,50,37,6,0,0,271,440,543,1413,1686,1394,713,144,13,3,6346
505031108,27,76,178,129,121,100,19,0,0,649,27,57,158,137,127,78,31,4,0,625,652,1186,3173,2824,2433,1720,406,34,0,12436
505031255,11,38,92,44,27,4,0,0,0,215,9,30,47,28,35,9,5,0,0,158,163,550,1509,894,647,226,44,3,3,4040
505031256,0,0,0,3,8,5,0,0,0,19,0,4,6,6,6,0,0,0,0,26,22,34,37,71,108,66,20,5,0,354
505031257,5,7,8,12,16,4,0,0,0,55,0,6,18,9,16,8,3,3,0,61,56,83,231,243,289,177,33,4,0,1122
505031258,8,18,52,33,38,17,3,0,0,159,13,17,32,47,38,16,10,0,0,171,174,329,869,863,817,410,106,6,0,3570
506011110,7,43,87,46,49,36,13,0,0,283,21,53,82,99,92,56,8,0,0,410,340,783,1823,1484,1341,969,211,17,3,6971
506011111,0,0,0,0,0,0,0,0,0,0,0,0,0,0,0,0,0,0,0,0,0,0,0,0,0,0,0,0,0,3
506011112,6,12,23,23,23,15,0,0,0,117,9,7,40,27,37,11,6,0,0,141,118,208,574,453,507,410,60,10,0,2337
506011113,23,54,156,88,60,30,7,0,0,418,7,40,153,113,66,30,7,0,0,406,394,908,3761,2670,1488,702,119,10,0,10048
506011114,4,38,48,48,47,34,18,0,0,235,12,27,57,34,56,39,8,0,0,243,234,441,923,867,955,765,197,12,3,4401
506011115,14,19,25,40,34,36,8,0,0,185,15,24,26,25,60,21,14,3,0,180,256,335,564,673,932,731,162,25,0,3678
506011116,10,13,32,26,24,22,6,0,0,148,4,24,24,40,43,28,8,7,0,174,205,269,480,718,839,677,206,28,0,3419
506011117,14,26,71,61,32,29,3,0,0,242,14,32,74,66,42,15,3,0,0,254,280,474,1349,1097,836,446,75,3,0,4553
506021118,8,32,96,73,42,35,10,0,0,306,10,39,99,80,59,30,16,4,0,342,246,714,1920,1519,1265,893,242,24,3,6831
506021119,19,44,115,65,46,31,9,0,0,326,9,34,128,67,51,30,10,0,0,324,278,877,2801,1872,1341,805,210,10,0,8199
506021120,0,0,0,0,0,0,0,0,0,0,0,0,0,0,0,0,0,0,0,0,0,0,0,0,0,0,0,0,0,0
506021121,0,0,0,0,0,0,0,0,0,0,0,0,0,0,0,0,0,0,0,0,0,0,0,0,0,0,0,0,0,0
506021122,15,65,180,92,93,52,13,0,0,517,21,69,198,119,98,62,21,4,0,590,412,1314,3879,2389,1843,1351,294,33,3,11515
506021123,3,22,90,47,45,27,11,3,0,247,6,42,100,63,61,47,15,7,0,338,229,855,2689,1659,1300,933,244,18,4,7937
506031124,14,48,104,46,47,30,6,0,0,300,14,72,158,78,52,37,9,3,0,432,363,1391,2793,1504,1124,760,200,20,3,8163
506031125,12,20,27,33,59,39,26,0,0,215,11,27,34,47,55,36,15,0,0,232,345,563,806,986,1324,868,195,9,0,5099
506031126,0,0,0,0,0,0,0,0,0,0,0,0,0,0,0,0,0,0,0,0,0,0,0,0,0,0,0,0,0,0
506031127,7,38,138,72,49,30,7,0,0,351,10,60,185,101,75,24,10,0,0,471,259,1051,3183,1775,1148,687,179,13,3,8297
506031128,11,26,73,55,47,44,10,0,0,274,13,22,91,61,74,56,11,7,0,321,275,554,1682,1296,1200,1128,260,28,3,6425
506031129,13,22,26,31,60,39,10,3,0,199,11,34,39,63,54,25,9,4,0,243,386,591,900,1228,1548,954,251,35,0,5895
506031130,0,0,0,0,0,0,0,0,0,0,0,0,0,0,0,0,0,0,0,0,0,0,0,0,0,0,0,0,0,0
506031131,10,19,41,71,64,74,13,3,0,290,25,36,57,71,73,65,14,0,0,340,477,809,1134,2028,1979,1486,360,22,0,8293
506041132,16,44,102,73,63,56,6,0,0,369,19,59,188,102,96,53,21,3,0,548,368,880,2455,1838,1409,979,267,24,0,8217
506041133,21,43,82,116,120,60,9,3,0,448,30,56,123,129,113,53,8,5,0,518,679,1003,2330,2827,2504,1234,242,19,0,10837
506041134,13,36,102,81,58,51,4,0,0,343,29,53,138,94,99,49,19,5,0,479,350,789,1999,1705,1496,1127,238,22,4,7720
506041135,21,40,97,84,88,43,23,0,0,398,29,44,102,122,114,47,12,0,0,476,497,803,2232,2374,1902,1064,207,9,0,9098
506041136,9,36,73,59,60,40,8,0,0,284,21,44,93,84,54,52,20,5,0,376,253,586,1364,1228,1062,788,199,20,3,5505
506041137,29,64,116,109,115,70,17,0,0,520,31,64,135,128,121,79,15,0,0,569,591,1017,2329,2211,2214,1791,374,30,0,10557
506051138,25,65,106,86,83,44,10,0,0,419,25,51,117,110,90,70,11,3,0,480,456,829,2200,2142,1735,1272,272,22,0,8918
506051139,17,47,89,63,60,38,12,0,0,330,15,28,62,59,61,42,10,3,0,288,332,602,1345,1227,1261,809,172,18,0,5770
506051140,23,43,42,57,68,57,15,0,0,312,19,25,40,60,71,74,19,6,0,319,448,582,867,1337,1722,1306,426,42,3,6734
506051141,21,33,41,38,73,49,12,0,0,261,19,11,24,41,51,40,14,4,0,200,370,403,622,1008,1378,946,275,39,0,5051
506061142,19,67,139,73,47,45,3,0,0,395,23,46,100,97,67,33,8,0,0,380,413,852,2519,1705,1249,751,126,6,0,7629
506061143,13,27,23,30,45,21,5,0,0,170,20,14,19,28,50,32,7,3,0,169,240,316,407,608,893,530,117,17,4,3126
506061144,4,11,13,9,19,8,3,0,0,70,3,10,10,29,31,20,9,0,0,102,94,121,235,329,552,331,103,14,3,1776
506071145,14,24,71,39,45,28,19,0,0,239,7,26,79,64,47,41,19,4,0,276,254,850,2208,1436,1213,997,298,27,3,7281
506071146,3,15,25,24,31,19,12,7,0,136,16,18,56,42,39,48,17,6,3,237,306,552,1003,859,1033,828,223,19,3,4834
506071147,3,24,78,38,43,40,18,0,0,252,7,23,95,67,86,52,26,4,0,366,316,813,2014,1684,1708,1335,483,45,7,8406
507011148,17,36,106,93,70,28,9,0,0,362,15,30,76,137,89,28,12,0,0,374,550,743,2121,2645,1806,755,158,7,3,8792
507011150,0,0,0,0,0,0,0,0,0,0,0,0,0,0,0,0,0,0,0,0,0,0,0,0,0,0,0,0,0,0
507011151,0,0,0,0,0,0,0,0,0,0,0,0,0,0,0,0,0,0,0,0,0,0,0,0,0,0,0,0,0,0
507011152,9,24,40,49,42,28,5,4,0,205,6,23,38,52,61,27,15,3,0,230,272,388,778,927,1097,707,164,17,4,4355
507011153,13,18,42,29,25,16,4,0,0,153,11,9,43,38,38,19,4,0,0,161,182,313,839,867,830,535,129,13,0,3708
507011154,3,20,52,32,48,20,3,3,0,187,10,18,61,59,40,34,14,0,0,233,172,357,1128,1021,961,623,155,9,3,4433
507011155,0,0,0,0,0,0,0,0,0,0,0,0,0,0,0,0,0,0,0,0,0,0,0,0,3,0,0,0,0,7
507011158,0,8,8,4,8,8,3,0,0,38,6,10,10,17,17,8,3,5,0,76,54,107,270,248,325,211,68,9,0,1290
507011159,15,24,65,39,56,30,9,0,0,237,8,24,71,56,46,34,14,0,0,262,282,620,1419,1099,1175,878,187,12,4,5670
507011160,6,28,50,35,43,30,6,0,0,212,18,20,62,45,55,36,9,5,0,242,223,413,1017,993,906,706,154,17,0,4435
507011161,10,46,80,72,40,27,0,3,0,285,24,26,108,79,71,26,3,0,0,338,344,684,2346,2081,1283,630,97,16,0,7484
507011163,10,21,45,52,30,28,7,0,0,196,11,18,40,50,49,21,3,4,0,191,190,345,834,839,821,522,74,8,0,3639
507011259,11,22,59,47,41,21,4,0,0,208,15,29,51,62,45,29,9,0,0,246,227,377,1044,1041,878,477,95,8,3,4147
507011260,4,8,5,10,12,5,0,0,0,53,4,13,7,6,18,13,7,0,0,64,63,146,179,202,301,281,79,5,0,1261
507021164,3,13,13,13,28,22,0,0,0,90,4,12,33,31,36,28,4,0,0,148,170,316,545,732,951,725,179,22,0,3644
507021165,10,13,53,44,34,32,14,0,0,191,12,21,84,84,82,47,20,3,0,353,257,540,1886,1520,1560,1190,405,45,9,7412
507021166,8,17,47,41,46,34,15,0,0,209,14,31,75,67,71,55,6,0,0,321,295,508,1458,1424,1517,1114,300,25,3,6633
507021167,0,0,0,0,0,0,0,0,0,0,0,0,0,0,0,0,0,0,0,0,0,0,0,0,0,0,0,0,0,3
507031169,14,32,102,66,34,19,3,0,0,269,17,35,90,73,35,12,6,3,0,268,303,665,2356,1790,1021,438,71,3,3,6650
507031170,0,16,29,24,18,10,3,0,0,101,7,22,33,31,39,21,5,0,0,169,138,306,643,604,600,366,63,5,0,2722
507031172,3,0,0,0,0,0,0,0,0,8,0,0,0,0,0,0,0,0,0,3,3,7,3,3,13,3,3,0,0,32
507031173,0,0,0,0,0,0,0,0,0,0,0,0,0,0,0,0,0,0,0,0,0,0,0,0,3,0,0,0,0,9
507031174,6,25,41,33,33,17,3,0,0,159,25,32,65,58,62,30,8,3,0,280,262,391,957,922,912,564,90,3,0,4108
507031261,0,14,34,22,14,16,3,0,0,109,3,28,56,28,28,29,3,0,0,174,144,328,893,536,461,319,48,4,0,2738
507041175,3,14,30,15,28,30,9,0,0,131,4,17,37,49,60,49,23,3,3,245,262,509,900,1018,1115,962,294,45,4,5118
507041176,0,4,11,12,10,13,7,0,0,51,0,8,8,13,13,15,0,0,0,64,112,186,316,358,402,306,84,5,0,1770
507041177,9,24,42,39,50,32,5,3,3,207,8,22,62,62,66,39,16,0,0,268,301,541,1340,1467,1511,1017,283,27,11,6502
507041178,8,27,33,50,45,24,3,0,0,186,15,21,52,60,65,37,16,4,0,277,349,636,1202,1388,1614,1088,349,43,0,6674
507041179,3,9,21,21,23,22,8,0,0,117,0,7,29,26,32,25,8,4,0,137,160,302,579,706,738,603,208,13,3,3312
507041180,9,23,33,38,44,40,11,0,0,203,3,30,53,44,53,45,16,3,0,254,326,572,920,1011,1220,1239,256,13,4,5566
507041181,7,34,63,35,63,38,8,3,3,252,20,25,43,109,83,54,12,5,0,361,458,684,1283,1727,1967,1178,315,51,3,7665
507041182,11,24,56,24,46,36,10,0,0,212,12,34,49,44,43,51,16,0,0,251,355,708,1188,931,1143,1128,263,19,3,5739
507041183,7,5,21,28,15,10,3,0,0,75,10,11,29,24,15,11,3,3,0,106,87,166,547,507,407,227,52,7,0,1994
507041184,3,6,8,11,16,20,4,0,0,70,9,12,14,9,23,17,16,0,0,94,202,332,441,452,643,638,167,10,0,2889
507051185,32,89,190,147,87,49,12,0,0,605,24,64,212,150,104,57,18,3,3,640,859,1636,4356,3538,2749,1300,218,20,7,14681
507051186,11,25,46,24,30,17,0,0,0,148,6,23,45,33,37,31,4,0,0,189,188,359,653,608,703,579,89,10,0,3188
507051187,17,35,48,37,40,16,8,0,0,199,11,23,60,75,59,28,3,3,0,261,462,600,1074,1327,1472,697,93,11,0,5733
507051188,10,24,56,46,52,32,9,0,0,229,17,38,54,54,69,56,8,3,0,303,307,772,1402,1218,1436,1083,224,22,4,6469
507051189,0,0,0,0,0,0,0,0,0,0,0,0,0,0,0,0,0,0,0,0,0,0,0,0,0,0,0,0,0,0
507051190,9,17,29,34,35,23,7,0,0,155,11,15,37,41,44,45,7,0,0,204,250,433,803,883,1063,882,153,23,4,4472
507051191,22,34,78,92,69,18,0,0,0,315,25,50,47,106,90,40,4,0,0,354,726,824,1690,2373,2283,799,117,12,0,8833
507051192,16,25,42,47,47,29,0,5,0,210,12,25,52,65,50,39,3,0,0,247,329,530,1039,1102,1272,832,108,8,0,5220
507051193,16,31,48,35,41,29,3,0,0,202,10,25,45,48,65,25,7,3,0,229,277,471,914,846,1080,653,86,6,0,4338
509011225,13,37,42,44,64,49,18,0,0,272,17,26,38,33,50,44,21,4,3,238,374,488,1019,1148,1431,1170,346,46,9,6041
509011226,3,0,12,11,13,10,3,0,0,61,4,7,9,14,13,15,3,0,0,65,80,80,200,285,400,388,138,27,6,1605
509011227,3,8,19,16,21,20,4,0,0,91,7,9,20,14,13,14,7,3,0,92,148,154,333,436,480,405,79,6,0,2041
509011228,3,8,15,16,22,9,4,0,0,74,16,8,12,15,25,12,20,0,0,101,157,95,258,431,632,533,212,30,3,2356
509011229,0,0,4,9,7,3,0,0,0,22,0,0,18,12,13,9,4,4,0,53,30,100,276,294,325,310,104,19,3,1460
509011230,3,10,13,14,20,16,4,0,0,85,5,11,9,15,13,10,12,3,0,79,107,197,351,377,445,361,88,18,0,1946
509011231,3,8,19,3,8,3,0,0,0,46,3,0,4,14,16,11,9,12,0,68,57,100,328,355,453,386,156,39,3,1879
509011232,3,4,12,9,9,13,3,0,0,57,0,4,10,6,17,11,3,0,0,61,90,86,174,296,376,364,93,7,0,1490
509011233,15,32,41,51,46,26,12,0,0,233,20,13,40,27,35,25,9,3,0,189,396,413,879,939,1021,722,169,28,3,4565
509011234,11,7,14,22,12,7,0,0,0,73,7,10,14,16,14,20,6,4,0,90,117,123,260,376,522,440,169,30,9,2043
509011235,0,0,0,0,0,0,0,0,0,0,0,0,0,0,0,0,0,0,0,0,0,0,0,0,0,0,0,0,0,0
509021236,3,7,13,27,26,22,10,3,0,110,10,12,13,38,50,21,3,0,0,154,134,160,299,529,677,467,139,26,5,2429
509021237,3,3,6,5,14,9,0,0,0,38,5,8,12,9,14,10,10,5,0,74,61,102,293,290,386,336,114,25,0,1623
509021238,3,3,12,8,8,13,0,0,0,52,5,4,19,8,17,8,3,3,0,73,45,98,321,337,393,397,136,42,9,1781
509021239,7,4,19,30,19,21,0,0,0,107,14,12,25,26,44,29,10,3,0,174,135,245,649,656,865,766,290,64,4,3662
509021240,7,13,24,11,19,10,3,0,0,96,3,8,19,14,15,15,7,3,0,81,104,191,474,404,497,459,155,38,6,2326
509021241,6,6,22,15,18,13,9,0,0,84,8,5,17,18,23,24,3,0,0,106,66,159,402,477,534,439,178,47,3,2318
509021242,3,10,10,3,3,14,0,0,0,44,4,3,8,11,8,21,6,0,0,70,29,113,386,428,503,410,123,31,7,2040
509021243,14,18,21,42,25,45,10,3,0,179,14,29,24,43,40,49,17,0,0,219,222,343,722,832,924,942,248,29,6,4277
509021244,6,9,0,10,19,17,5,0,0,66,7,3,12,6,22,16,12,4,0,90,83,100,193,264,497,461,160,22,0,1769
509021245,3,3,4,11,15,13,8,0,0,61,4,6,13,14,27,25,13,3,0,96,85,116,256,345,483,486,185,33,0,1988
509031246,3,4,5,3,7,5,3,0,0,39,4,6,3,6,5,7,7,9,0,51,48,98,224,263,373,347,154,33,3,1549
509031247,7,9,15,17,12,6,3,0,0,61,3,8,9,21,16,19,14,4,0,85,44,116,456,507,541,482,200,54,6,2398
509031248,3,9,15,16,12,9,7,0,0,70,0,3,8,3,9,9,0,4,0,40,48,110,310,365,413,265,68,14,0,1596
509031249,10,20,16,28,12,8,5,0,0,92,5,12,14,9,22,19,9,3,3,91,87,178,320,348,435,385,122,16,6,1900
509031250,0,10,12,8,18,11,3,0,0,70,6,7,10,4,25,20,8,4,4,87,70,114,321,386,513,504,188,36,8,2149
510011262,12,30,93,88,60,38,14,3,0,334,24,33,88,85,81,66,28,4,0,403,278,504,1984,1855,1794,1487,419,45,4,8359
510011263,14,24,64,46,36,27,7,3,0,213,3,16,37,20,42,29,12,0,0,164,80,233,693,598,583,619,176,8,3,2996
510011264,0,4,7,9,22,4,0,0,0,46,0,5,7,9,15,12,9,0,0,58,22,97,218,173,178,183,42,0,0,911
510011265,10,14,49,40,34,27,7,0,0,174,11,22,48,47,31,37,12,3,0,223,153,325,1005,882,964,834,205,23,0,4402
510011266,3,17,16,18,16,7,3,0,0,77,5,3,7,5,14,16,3,0,0,48,30,77,173,189,223,222,61,7,0,978
510021267,10,24,101,44,29,9,4,0,0,222,0,7,39,37,26,18,0,0,0,136,48,419,2565,2041,1832,959,126,12,0,8010
510021268,0,19,57,51,15,11,3,0,0,151,0,9,17,17,19,4,8,0,0,64,81,227,822,763,531,310,45,0,0,2786
510021269,3,7,43,24,18,16,0,0,0,103,3,5,25,25,37,12,3,0,0,121,75,203,1001,852,724,450,68,6,0,3374
510021270,7,26,75,30,22,9,8,0,0,181,10,29,58,33,50,32,3,0,0,208,172,412,1497,1067,952,530,73,5,3,4722
510031271,3,19,53,52,34,25,6,0,0,188,4,36,207,206,191,108,9,0,0,754,93,703,4894,4560,4015,2185,208,8,0,16658
510031272,18,41,104,81,53,29,5,3,0,345,22,62,153,164,124,61,12,4,0,596,354,686,2545,2389,1781,990,144,20,3,8910
510031273,3,6,16,16,21,11,3,0,0,73,6,8,43,27,20,20,8,0,0,131,78,212,928,894,851,415,61,3,0,3441
511011274,21,40,64,62,62,39,9,0,0,291,17,24,39,37,64,37,15,4,4,235,355,450,937,1058,1302,911,265,48,9,5339
511011275,3,3,6,4,4,5,0,0,0,30,0,3,9,8,7,5,8,0,0,44,50,108,356,413,433,334,120,15,8,1831
511021276,3,8,10,7,13,5,7,0,0,49,8,10,16,21,27,30,5,3,0,111,93,154,417,435,538,464,147,25,0,2274
511021277,7,8,24,15,29,25,3,0,0,108,7,10,43,33,27,47,15,0,0,183,90,215,754,713,765,798,201,30,5,3573
511031278,17,35,40,37,41,21,4,0,0,194,8,23,30,34,29,29,0,0,0,156,181,318,703,655,708,495,84,5,3,3151
511031279,33,44,76,92,64,38,5,0,0,345,20,28,55,67,64,43,18,0,0,299,411,610,1736,1618,1513,977,191,18,0,7067
511031280,18,33,52,46,32,15,10,0,0,200,10,15,26,40,33,25,4,0,0,157,250,385,1228,1029,920,579,117,10,0,4519
511031281,0,0,0,0,0,0,0,0,0,0,0,0,0,0,0,0,0,0,0,0,0,0,0,0,0,0,0,0,0,0
511031282,3,3,18,6,9,9,3,0,0,56,4,7,17,9,27,15,6,3,0,88,72,183,655,525,633,423,94,10,0,2592
511031283,3,6,38,20,21,15,0,0,0,113,3,11,8,14,17,13,0,0,0,60,45,273,1178,937,902,564,80,9,0,3991
511031284,0,0,0,0,0,0,0,0,0,0,0,0,0,0,0,0,0,0,0,0,0,0,0,0,0,0,0,0,0,0
511041285,13,22,37,42,34,26,9,4,0,192,14,21,32,46,49,34,3,4,0,206,285,420,836,861,1070,876,206,38,0,4595
511041286,15,25,32,40,42,20,6,0,0,178,12,20,12,26,43,31,9,0,0,153,262,243,472,619,777,500,76,5,0,2966
511041287,17,25,33,25,34,15,3,0,0,156,5,12,35,29,35,14,12,4,0,148,242,266,699,728,846,474,126,9,3,3393
511041288,8,26,48,32,28,31,11,0,0,187,11,16,52,34,35,13,12,3,0,176,322,389,947,1068,1085,761,162,17,3,4763
511041289,3,3,11,12,8,9,0,0,0,50,0,5,10,12,16,21,10,7,0,74,63,68,199,292,353,317,107,19,3,1420
511041290,0,0,11,7,9,3,3,0,0,33,3,7,20,12,19,19,3,0,0,86,22,182,788,600,651,456,116,5,0,2826
511041291,4,6,13,3,10,5,6,0,0,44,4,3,10,24,16,21,10,3,0,99,50,125,433,435,510,486,149,20,3,2214
511041292,4,10,16,21,19,21,7,0,0,97,3,6,15,8,36,24,12,3,0,113,93,163,368,474,713,622,243,35,0,2712
597979799,0,0,9,5,4,3,0,0,0,23,0,4,88,105,92,48,5,0,0,351,11,104,611,661,623,361,45,3,3,2432
