SA2_MAINCODE_2016,P_Sol_sp_En_T_2006_2010,P_Sol_sp_En_T_2011,P_Sol_sp_En_T_2012,P_Sol_sp_En_T_2013,P_Sol_sp_En_T_2014,P_Sol_sp_En_T_2015,P_Sol_sp_En_T_2016,P_Sol_sp_En_T_Yr_arr_ns,P_Sol_sp_En_T_T,P_LanProf_En_ns_Bef_2000,P_LanProf_En_ns_2000_2005,P_LanProf_En_ns_2006_2010,P_LanProf_En_ns_2011,P_LanProf_En_ns_2012,P_LanProf_En_ns_2013,P_LanProf_En_ns_2014,P_LanProf_En_ns_2015,P_LanProf_En_ns_2016,P_LanProf_En_ns_Yr_arr_ns,P_LanProf_En_ns_T,P_T_B_2000,P_T_2000_2005,P_T_2006_2010,P_T_2011,P_T_2012,P_T_2013,P_T_2014,P_T_2015,P_T_2016,P_T_Yr_arrival_ns,P_T_T
501011001,15,5,11,15,7,20,10,16,149,0,0,0,0,0,0,0,0,0,0,0,633,83,91,28,25,31,21,20,5,36,977
501011002,270,44,64,60,62,40,30,63,940,7,0,4,0,0,0,0,0,0,3,12,2835,377,676,132,139,118,135,92,41,196,4743
501011003,70,18,18,45,27,25,20,5,367,0,0,0,0,0,0,0,0,0,0,4,1079,173,230,43,51,74,61,56,32,57,1861
501011004,131,36,35,37,43,57,44,56,591,0,0,0,0,0,0,0,0,0,0,7,945,199,338,76,92,70,76,79,64,117,2070
501021005,231,50,40,34,30,30,13,21,675,0,0,0,0,0,0,0,0,0,0,7,1609,341,733,160,147,110,78,96,28,80,3384
501021007,26,0,4,12,4,8,12,3,103,0,0,0,0,0,0,0,0,0,0,0,458,76,83,8,14,33,5,9,9,37,732
501021008,120,24,26,57,40,42,18,23,463,0,0,0,0,0,0,0,0,0,35,35,588,80,211,52,41,75,48,49,25,83,1245
501021009,36,15,3,14,5,5,3,10,206,3,0,0,0,0,0,0,0,0,0,5,664,62,119,24,19,22,7,6,6,44,982
501021010,10,3,0,3,4,0,0,0,42,3,0,0,0,0,0,0,0,0,0,3,297,26,52,9,5,5,12,3,0,14,415
501021011,0,0,0,0,0,0,0,0,0,0,0,0,0,0,0,0,0,0,0,0,0,0,0,0,0,0,0,0,0,0,0
501021012,138,28,41,37,33,22,19,24,517,5,0,0,0,0,0,0,0,0,0,6,959,182,390,71,113,90,56,53,35,65,2014
501021014,120,42,53,41,55,90,28,40,627,3,0,0,0,0,0,0,0,0,0,3,838,82,211,47,68,55,61,93,35,82,1574
501021015,145,16,29,45,37,45,20,28,551,0,0,0,0,0,0,0,0,0,0,3,690,93,236,40,52,58,46,54,20,55,1343
501021016,27,5,6,6,3,0,0,12,148,0,0,0,0,0,0,0,0,0,0,0,428,37,100,14,10,13,4,9,0,36,659
501021251,390,77,73,65,51,47,18,19,913,0,0,0,0,0,0,4,0,0,0,5,640,330,780,151,147,122,81,78,20,45,2386
501021252,21,0,0,7,0,0,0,0,88,0,0,0,0,0,0,0,0,0,0,0,308,67,76,4,6,12,6,0,3,17,501
501021253,187,48,74,107,89,66,29,42,941,0,0,0,0,0,0,0,0,0,3,3,1403,196,389,117,143,156,133,93,45,113,2791
501021254,81,8,9,41,30,20,17,9,307,0,0,0,0,0,0,0,0,0,6,6,532,67,154,20,24,42,35,28,17,28,952
501031017,32,4,0,4,5,0,4,4,129,0,0,0,0,0,0,0,0,0,0,5,978,71,99,12,13,14,21,6,3,49,1258
501031018,24,0,0,4,12,14,15,20,197,3,0,0,0,0,0,0,0,0,0,3,706,78,80,7,14,17,20,11,15,48,988
501031019,30,11,5,10,5,10,3,14,220,0,0,0,0,0,0,0,0,0,0,0,529,38,58,15,16,14,6,18,6,41,743
501031020,26,3,7,12,4,23,6,6,166,0,0,0,0,0,0,0,0,0,0,3,697,57,53,11,10,15,18,24,7,45,941
502011021,61,16,34,12,8,7,3,3,257,0,0,0,0,0,0,0,0,0,0,3,1004,152,276,70,96,41,48,17,10,36,1747
502011022,82,6,15,15,11,19,3,8,302,3,0,0,0,0,0,0,0,0,0,3,1143,159,366,69,65,84,31,51,19,45,2041
502011023,145,31,20,30,24,19,15,21,462,6,0,0,0,0,0,0,0,0,5,13,1383,149,309,67,48,61,43,27,22,73,2193
502011024,216,35,77,49,64,39,12,21,825,7,0,0,0,0,0,0,0,0,0,10,2454,480,982,228,294,207,190,121,54,124,5136
502011025,178,39,75,128,110,77,27,18,818,11,0,0,0,0,0,0,0,0,3,17,1318,134,316,74,120,177,154,104,39,75,2511
502011026,22,3,3,3,9,0,3,0,106,0,0,0,0,0,0,0,0,0,0,0,794,70,98,19,31,27,25,11,5,21,1095
502011027,460,82,104,87,48,45,28,30,1238,4,0,3,0,3,0,0,0,0,4,10,1938,586,1419,342,375,247,188,128,77,125,5420
502011028,136,47,41,25,50,42,12,17,591,8,0,0,0,0,0,0,0,0,8,19,1452,177,359,105,74,62,80,57,29,140,2537
502011029,57,13,15,9,9,9,4,4,245,4,0,0,0,0,0,0,0,0,0,4,1113,132,189,41,35,23,25,20,14,51,1636
503011030,90,23,27,28,40,36,15,11,615,3,0,0,0,0,0,0,0,0,0,6,1069,207,252,66,90,54,81,66,23,35,1936
503011031,120,40,45,84,90,110,55,22,874,0,0,0,0,0,0,0,0,0,5,5,1205,239,270,97,100,135,121,156,85,67,2476
503011032,55,3,24,30,37,33,7,11,346,3,0,0,0,0,0,0,0,0,0,4,890,165,201,75,74,88,86,114,54,57,1801
503011033,91,28,29,41,34,47,15,11,598,0,0,0,0,0,0,0,0,0,0,0,1048,258,259,63,76,59,49,79,27,44,1966
503011034,142,34,42,71,114,122,38,23,1044,5,0,0,0,0,0,0,0,0,0,4,1416,420,432,118,118,160,167,185,77,82,3163
503011035,436,145,184,281,399,546,465,134,3878,9,0,0,0,0,0,0,0,0,4,16,3190,695,846,244,268,387,521,640,564,214,7567
503011036,114,18,41,28,61,18,14,12,693,3,0,0,0,0,0,0,0,0,7,8,1265,346,333,65,111,77,108,43,37,59,2451
503021037,0,0,0,0,0,0,0,0,4,0,0,0,0,0,0,0,0,0,0,0,8,0,0,0,0,0,0,0,0,0,13
503021038,160,36,64,43,38,37,40,24,1147,3,0,0,0,0,0,0,0,0,0,6,1614,256,387,131,155,101,90,89,65,54,2940
503021039,314,88,104,118,147,141,83,65,2132,4,0,0,0,0,0,0,0,0,0,5,2772,347,634,175,199,198,224,190,125,150,5021
503021040,129,34,41,53,44,45,35,55,1310,0,0,0,0,0,0,0,0,0,19,20,1671,191,296,68,99,96,64,78,40,121,2736
503021041,1589,448,647,892,1084,1324,856,554,9689,15,0,0,0,0,0,0,0,3,57,72,4383,1242,2480,828,1031,1200,1417,1671,1100,855,16222
503021042,454,129,152,168,195,211,98,67,2265,3,0,0,0,0,0,0,0,0,8,12,2572,552,869,241,303,292,284,359,160,174,5814
503021043,671,156,220,357,455,424,345,116,3680,3,0,0,0,0,0,3,0,0,3,16,2451,574,1062,258,364,464,554,518,393,183,6823
504011044,333,80,94,82,88,64,34,58,1674,5,0,0,0,0,0,0,0,0,3,10,2476,384,591,130,193,136,108,92,50,120,4280
504011045,774,150,200,191,195,169,101,124,3635,7,0,0,0,0,0,0,0,0,5,15,3949,599,1160,305,340,298,255,215,121,275,7523
504011046,617,151,208,229,285,302,140,98,2907,3,0,0,0,0,0,0,0,0,3,8,1891,421,932,250,358,298,335,359,170,142,5159
504011047,1157,213,358,332,288,308,182,178,5918,9,0,0,0,0,0,0,0,0,4,16,4564,758,1529,325,541,435,348,369,205,253,9342
504011048,216,44,69,40,49,31,26,58,1845,0,0,0,0,0,0,0,0,0,3,3,2193,258,358,58,88,56,55,40,31,91,3232
504021049,28,0,3,0,0,0,3,0,75,3,0,0,0,0,0,0,0,0,392,392,405,58,94,9,15,11,3,4,4,406,1013
504021050,55,0,5,11,4,0,0,3,260,0,0,0,0,0,0,0,0,0,6,8,1293,225,236,30,23,31,9,17,10,41,1907
504021051,65,10,13,11,3,5,3,6,258,3,0,0,0,0,0,0,0,0,0,0,804,84,142,36,38,21,19,8,5,27,1199
504021052,0,0,0,0,0,0,0,0,0,0,0,0,0,0,0,0,0,0,0,0,0,0,0,0,0,0,0,0,0,0,6
504021053,67,11,26,9,3,12,5,11,368,6,0,0,0,0,0,0,0,0,4,9,2127,228,277,40,57,36,14,25,14,77,2889
504021054,248,48,42,63,42,52,20,28,962,3,0,0,0,0,0,0,0,0,14,16,1814,167,441,112,83,86,60,61,26,98,2959
504031055,0,0,0,0,0,0,0,0,0,0,0,0,0,0,0,0,0,0,0,0,0,0,0,0,0,0,0,0,0,0,0
504031056,735,167,163,152,127,91,52,95,3886,7,0,4,0,0,0,0,3,0,3,16,3756,749,1016,231,231,171,158,122,65,158,6660
504031057,1439,209,231,191,158,152,110,132,4855,0,0,0,0,0,0,0,0,0,70,78,3120,857,1760,277,318,247,190,177,121,248,7316
504031058,42,6,13,7,14,6,3,3,171,3,0,0,0,0,0,0,0,0,0,6,703,126,153,17,42,16,20,12,6,36,1129
504031059,2009,284,351,241,187,183,130,112,5099,7,0,5,0,0,0,0,0,0,50,64,3988,1462,3509,599,697,467,313,288,201,330,11852
504031060,16,0,8,0,4,8,0,6,103,0,0,0,0,0,0,0,0,0,0,0,395,57,45,3,13,13,9,8,0,26,562
504031061,98,16,9,15,4,8,3,8,321,4,0,0,0,0,0,0,0,0,0,4,649,109,209,31,27,24,23,20,18,18,1122
504031062,627,117,119,106,72,73,50,49,2078,4,3,0,0,0,0,0,0,0,3,12,1622,408,878,161,202,160,113,82,52,91,3760
504031063,0,0,0,0,0,0,0,0,0,0,0,0,0,0,0,0,0,0,0,0,0,0,0,0,0,0,0,0,0,0,0
504031064,0,0,0,0,0,0,0,0,0,0,0,0,0,0,0,0,0,0,0,0,0,0,0,0,0,0,0,0,0,0,0
504031065,164,27,19,13,22,25,22,19,590,3,0,0,0,0,0,0,0,0,6,4,779,121,243,46,46,36,37,33,25,49,1429
504031066,363,95,117,111,112,127,84,58,1605,0,0,0,0,0,0,0,0,0,7,8,1493,231,545,157,211,145,148,169,108,138,3345
504031067,100,25,25,17,9,14,8,8,433,0,0,0,0,0,0,0,0,0,3,8,856,149,224,49,62,27,22,22,10,42,1460
504031068,382,64,74,47,29,27,9,19,1048,3,0,4,0,0,0,0,0,0,0,8,1350,432,854,152,162,114,78,55,35,77,3301
504031069,0,0,0,0,0,0,0,0,0,0,0,0,0,0,0,0,0,0,0,0,0,0,0,0,0,0,0,0,0,0,0
505011070,110,37,47,35,28,30,13,16,720,6,0,0,0,0,3,0,0,0,0,8,1719,242,464,139,172,101,75,62,24,70,3056
505011071,312,85,93,84,51,52,29,21,1387,3,0,0,0,0,0,0,0,0,0,9,2557,1044,1409,382,342,335,160,157,79,85,6559
505011072,251,42,71,44,26,24,14,29,1240,0,0,0,0,0,0,0,0,0,0,0,2640,624,852,145,201,175,96,62,58,102,4957
505011073,216,63,76,36,63,27,39,37,1200,0,0,0,0,0,0,0,0,0,7,6,2219,399,553,132,190,105,93,58,61,84,3899
505011074,164,31,38,31,59,49,34,22,825,0,0,0,0,0,0,0,0,0,3,7,1997,523,745,156,169,111,107,107,57,72,4051
505011075,142,17,28,17,36,11,13,14,849,0,0,0,0,0,0,0,0,0,0,6,2060,515,534,114,156,107,115,85,45,49,3785
505011076,218,56,29,26,28,19,4,11,828,4,0,0,0,0,0,0,0,0,0,8,1807,787,1011,258,187,109,113,72,49,55,4451
505011077,408,82,128,165,181,183,113,71,1981,26,0,0,0,0,0,0,0,0,14,34,2852,710,1117,199,292,291,272,256,161,166,6323
505011078,182,27,44,22,37,28,5,22,866,3,0,0,0,0,0,0,0,0,0,8,2279,487,612,123,161,93,93,73,20,132,4072
505011079,137,25,36,27,41,17,6,11,735,0,0,0,0,0,0,0,0,0,0,3,2244,559,647,116,116,122,151,82,72,85,4192
505011080,101,15,17,12,27,19,4,16,723,0,0,0,0,0,0,0,0,0,0,0,1804,557,561,111,129,80,90,49,36,54,3489
505011081,122,13,33,21,22,16,9,18,621,3,0,0,0,0,0,0,0,0,0,3,1389,281,440,88,153,73,65,35,36,54,2614
505011082,69,3,22,30,3,11,10,14,559,0,0,0,0,0,0,0,0,0,3,5,1619,343,346,59,89,75,29,33,40,55,2696
505011083,146,35,27,49,22,15,8,13,663,0,0,0,0,0,0,0,0,0,0,3,1678,481,646,150,152,146,71,51,23,66,3457
505021084,519,99,134,159,164,151,92,111,3095,4,0,0,0,0,0,0,0,0,28,37,2764,381,775,194,252,237,202,177,102,197,5289
505021085,1901,367,474,489,428,395,311,236,7586,9,0,0,0,0,0,0,0,0,6,15,3187,1229,2218,443,559,559,489,444,329,313,9773
505021086,859,200,282,236,270,220,155,169,5898,8,0,0,0,0,0,0,0,0,3,15,5611,916,1235,310,365,320,347,264,183,274,9825
505021087,0,0,0,0,0,0,0,0,0,0,0,0,0,0,0,0,0,0,0,0,0,0,0,0,0,0,0,0,0,0,0
505021088,468,126,130,105,132,111,34,72,2036,4,0,0,0,0,0,0,0,0,3,6,2209,567,915,296,361,250,236,188,65,146,5230
505021089,317,65,67,62,39,40,26,57,1647,6,0,0,0,0,0,0,0,0,0,10,3130,648,826,165,203,152,77,101,50,170,5525
505021090,1502,303,452,480,428,471,288,198,6224,4,0,0,0,0,0,0,0,0,6,14,2563,869,1893,453,621,594,504,524,320,259,8605
505021091,0,0,0,0,0,0,0,0,3,0,0,0,0,0,0,0,0,0,0,0,3,0,0,0,0,0,0,0,0,0,3
505021092,379,80,112,107,116,187,75,54,1586,3,0,0,0,0,0,0,0,0,0,10,1875,461,927,303,367,278,246,287,129,139,5012
505021093,640,123,144,156,185,178,137,123,3684,0,0,0,0,0,0,0,0,0,4,6,2768,559,921,222,240,221,237,225,151,155,5682
505021094,59,11,17,10,25,15,6,5,389,0,0,0,0,0,0,0,0,0,0,0,1066,183,201,41,61,56,53,38,15,35,1743
505021095,646,114,152,203,213,202,99,96,2931,0,0,3,0,0,0,0,0,0,5,12,1968,443,910,221,244,283,279,255,124,148,4868
505021096,355,71,84,108,94,116,38,41,1926,3,0,0,0,0,0,0,0,0,0,4,2233,666,763,126,150,168,141,183,59,106,4594
505021097,465,142,138,148,162,167,74,77,2799,3,0,0,0,0,0,0,0,0,3,9,2913,526,756,236,233,224,221,203,113,164,5584
505031098,796,116,155,167,113,160,56,85,3357,3,0,0,0,0,0,0,0,0,3,6,2458,508,955,144,181,182,139,170,57,125,4928
505031099,731,104,158,147,93,85,56,64,2330,11,0,3,0,0,0,0,0,0,10,23,2842,1373,2677,445,585,362,261,212,99,265,9122
505031100,834,190,148,104,93,89,48,49,2283,3,0,0,0,0,0,0,0,0,0,3,1954,1209,2295,439,462,289,210,154,96,152,7255
505031101,638,109,148,113,105,92,64,53,2071,0,0,0,0,0,0,0,0,0,0,4,1860,792,1498,253,389,227,174,156,96,116,5545
505031102,642,95,152,160,126,102,84,78,2632,3,0,0,0,0,0,0,0,0,3,12,1572,442,767,116,166,192,133,108,84,106,3696
505031103,1511,259,250,198,146,151,78,118,5741,0,0,0,0,0,0,0,0,0,30,36,4193,1390,2183,396,422,311,206,204,107,246,9662
505031104,429,88,84,71,61,62,36,115,2727,0,0,0,0,0,0,0,0,0,5,8,2395,400,589,112,104,94,72,76,42,165,4050
505031105,385,112,120,70,54,62,22,33,1570,7,0,0,0,0,3,0,0,0,6,17,2933,1438,2302,497,523,325,252,219,96,176,8769
505031106,0,0,0,0,0,0,0,0,0,0,0,0,0,0,0,0,0,0,0,0,0,0,0,0,0,0,0,0,0,0,4
505031107,561,63,83,87,62,66,32,45,1506,0,0,0,0,0,0,0,0,0,3,9,1947,812,1672,300,273,209,132,136,64,149,5697
505031108,878,146,144,157,100,124,73,92,2989,8,0,3,0,0,0,0,0,0,3,12,4375,1033,1953,377,357,306,202,176,116,225,9124
505031255,318,45,63,62,45,48,19,15,780,0,4,3,0,0,0,0,0,0,7,15,692,421,1149,280,366,226,137,116,68,93,3545
505031256,12,3,0,3,0,0,0,3,52,0,0,0,0,0,0,0,0,0,0,0,121,25,21,6,0,8,3,3,0,11,197
505031257,22,7,8,0,3,11,0,8,108,0,0,0,0,0,0,0,0,0,0,4,458,91,130,35,21,10,11,25,4,25,802
505031258,169,26,31,27,7,25,32,26,496,7,0,3,0,0,0,0,0,0,7,16,1117,365,872,193,237,118,70,62,53,174,3259
506011110,724,140,184,186,128,102,42,54,2296,19,0,0,0,0,0,0,0,0,12,33,2793,435,1013,213,275,255,176,120,60,173,5521
506011111,0,0,0,0,0,0,0,0,0,0,0,0,0,0,0,0,0,0,0,0,0,0,0,0,0,0,0,0,0,0,0
506011112,252,53,59,52,32,40,22,25,725,0,0,0,0,0,0,0,0,0,0,0,898,121,348,80,80,82,41,41,21,45,1755
506011113,2284,373,523,313,215,184,154,110,5319,0,0,0,0,0,0,0,3,0,7,11,1845,1162,3203,552,703,446,323,262,182,175,8855
506011114,309,79,79,79,61,68,37,30,1091,3,0,0,0,0,0,3,0,0,18,26,1858,234,516,112,121,95,90,80,51,103,3262
506011115,70,17,17,17,8,7,3,10,444,5,0,0,0,0,0,0,0,0,29,37,1828,240,234,42,39,33,20,22,3,68,2535
506011116,58,9,8,9,5,3,5,9,297,3,0,0,0,0,0,0,0,0,0,4,1371,212,234,31,30,24,15,7,6,40,1960
506011117,772,91,90,135,76,56,41,28,1678,0,0,0,0,0,0,0,0,0,3,3,1160,317,1009,129,158,181,109,83,54,73,3269
506021118,725,147,209,190,196,182,99,84,2870,0,0,3,0,0,0,0,0,0,25,30,2156,517,992,248,330,284,250,238,141,187,5343
506021119,811,194,264,264,295,354,157,133,3510,3,0,3,0,0,0,0,3,0,5,19,2138,593,1193,311,413,373,369,420,181,234,6219
506021120,0,0,0,0,0,0,0,0,0,0,0,0,0,0,0,0,0,0,0,0,0,0,0,0,0,0,0,0,0,0,0
506021121,0,0,0,0,0,0,0,0,0,0,0,0,0,0,0,0,0,0,33,33,0,0,0,0,0,0,0,0,0,33,32
506021122,1699,422,581,567,488,488,275,206,6780,6,0,0,0,0,0,0,0,0,9,21,3478,949,2193,589,797,730,603,568,312,322,10543
506021123,769,189,262,340,401,324,235,124,3629,4,0,3,0,0,0,0,0,0,0,9,2073,477,1084,297,403,414,476,388,278,178,6076
506031124,1355,359,474,572,760,915,662,296,7117,15,0,0,0,0,0,0,0,0,36,50,2739,766,1655,447,573,658,843,1002,736,480,9891
506031125,696,109,106,108,132,101,56,50,2541,0,0,0,0,0,0,3,0,0,0,8,2065,613,949,146,140,158,179,132,65,90,4537
506031126,0,0,0,0,0,0,0,0,0,0,0,0,0,0,0,0,0,0,0,0,0,0,0,0,0,0,0,0,0,0,0
506031127,2484,426,685,627,673,682,520,266,8330,0,0,0,0,0,0,0,0,0,16,18,2086,1018,2768,493,775,699,744,758,552,334,10230
506031128,850,136,217,192,171,182,92,90,3352,8,0,0,0,0,0,0,0,0,5,16,2954,584,1155,202,280,244,195,199,96,160,6074
506031129,988,207,264,193,251,242,97,93,3809,3,0,0,0,0,0,0,0,0,3,6,2546,759,1290,261,330,239,320,289,120,170,6340
506031130,0,0,0,0,0,0,0,0,0,0,0,0,0,0,0,0,0,0,0,0,0,0,0,0,0,0,0,0,0,0,0
506031131,1556,300,405,428,323,317,145,138,5838,3,0,0,0,0,0,0,0,0,3,7,3272,1160,2032,421,488,504,394,374,162,216,9032
506041132,1887,292,454,452,375,407,276,184,6314,5,0,0,0,0,0,3,4,0,3,18,3021,812,2236,360,521,535,418,441,299,252,8892
506041133,2308,359,453,441,354,357,183,199,7269,3,0,0,0,3,3,0,0,0,210,229,3596,1673,3022,471,634,572,471,434,222,478,11576
506041134,1238,293,289,273,194,201,109,94,3580,10,0,0,0,0,0,0,0,0,8,27,2986,527,1593,374,365,318,234,225,120,204,6939
506041135,1652,274,343,208,172,128,99,99,4359,0,0,0,0,0,0,0,0,0,3,5,2760,913,2342,392,482,276,240,178,128,171,7884
506041136,1192,254,308,253,199,197,154,106,3607,5,0,0,0,0,0,0,0,3,3,11,2086,471,1379,297,356,278,213,214,160,202,5665
506041137,1470,288,309,308,246,237,172,137,5124,3,0,0,0,0,0,0,0,0,7,17,4547,811,1948,396,405,380,309,267,198,240,9500
506051138,1154,183,156,168,119,93,86,65,2969,3,0,5,0,0,0,0,0,0,0,10,2370,636,1647,292,279,231,163,119,111,142,5996
506051139,249,50,70,41,17,25,29,22,813,5,0,0,0,0,0,0,0,0,3,5,1601,239,499,137,152,108,35,76,33,74,2951
506051140,114,15,33,26,29,25,10,11,716,8,0,0,0,0,0,0,0,0,0,8,3148,400,448,75,94,55,50,43,16,77,4405
506051141,83,19,13,16,28,19,7,15,584,3,0,0,0,0,0,0,0,0,0,8,2136,246,292,48,44,58,46,31,15,69,2990
506061142,643,97,134,128,75,50,37,34,1570,0,0,0,0,0,0,0,0,0,0,8,1829,439,1119,215,252,195,121,82,67,88,4408
506061143,35,6,14,9,7,8,3,0,236,0,0,0,0,0,0,0,0,0,3,3,949,128,101,22,37,9,15,10,7,32,1314
506061144,13,4,9,3,3,5,5,13,123,3,0,0,0,0,0,0,0,0,77,78,652,84,72,20,12,3,8,3,13,115,987
506071145,509,144,182,182,181,194,89,72,2503,4,0,0,0,0,0,0,0,3,3,9,2085,535,801,254,269,269,247,255,112,115,4943
506071146,353,62,95,163,164,211,218,82,2584,3,0,0,0,0,0,0,0,3,4,11,1960,554,502,119,125,188,205,259,242,167,4317
506071147,432,117,188,184,211,207,123,131,2502,0,3,0,0,0,0,0,0,0,0,6,2552,564,772,241,323,300,315,287,173,219,5745
507011148,927,186,223,173,112,92,64,62,2848,6,0,0,0,0,0,0,0,3,3,11,2166,703,1497,338,401,336,190,161,103,123,6020
507011150,0,0,0,0,0,0,0,0,0,0,0,0,0,0,0,0,0,0,0,0,0,0,0,0,0,0,0,0,0,0,0
507011151,0,0,0,0,0,0,0,0,0,0,0,0,0,0,0,0,0,0,0,0,0,0,0,0,0,0,0,0,0,0,0
507011152,134,34,61,39,28,41,12,27,1131,3,0,0,0,0,0,0,0,0,0,3,1578,189,325,72,135,84,59,73,18,47,2586
507011153,191,42,51,54,59,52,26,28,1012,3,0,0,0,0,0,3,0,0,0,3,1292,222,347,84,83,85,81,68,38,70,2381
507011154,350,57,91,92,70,81,29,67,1843,16,0,0,0,0,0,0,0,0,6,30,1921,282,587,116,151,137,100,119,40,133,3587
507011155,0,0,0,0,0,0,0,0,0,0,0,0,0,0,0,0,0,0,0,0,4,0,0,0,0,0,0,0,0,0,3
507011158,35,9,30,14,3,9,4,4,222,0,0,0,0,0,0,0,0,0,3,3,407,62,99,37,50,23,16,32,8,22,757
507011159,449,69,123,132,96,84,36,38,1853,0,0,0,0,0,0,0,0,0,0,8,1880,387,733,135,177,171,153,125,50,74,3879
507011160,308,82,135,98,88,121,53,70,2159,4,0,0,0,0,0,0,0,0,3,10,1998,226,452,124,181,159,114,162,61,118,3582
507011161,1138,153,222,191,170,150,75,65,3208,0,0,0,3,0,0,0,0,0,0,7,1699,772,1696,277,363,316,260,246,116,120,5874
507011163,241,52,59,41,43,46,13,21,998,0,0,0,0,0,0,0,0,0,0,0,1041,193,387,117,106,66,63,55,14,41,2082
507011259,325,68,73,71,52,47,25,29,1250,0,0,0,0,0,3,0,0,0,3,7,1090,274,587,133,124,99,90,72,41,62,2577
507011260,40,3,9,3,46,55,11,8,386,0,0,0,0,0,0,0,0,0,0,0,555,106,94,16,23,13,52,62,11,22,968
507021164,46,11,23,13,6,13,9,9,363,0,0,0,0,0,0,0,0,0,3,3,1088,160,170,39,74,53,49,30,27,32,1724
507021165,189,56,70,76,71,76,56,55,1450,9,0,0,0,0,0,0,0,0,8,21,2530,345,539,176,156,157,144,174,123,143,4497
507021166,196,37,72,74,73,62,30,44,1648,12,0,0,0,0,0,0,0,0,6,16,2620,314,517,131,138,141,111,107,49,123,4248
507021167,0,0,0,0,0,0,0,0,0,0,0,0,0,0,0,0,0,0,0,0,3,0,0,0,0,0,0,0,0,0,3
507031169,1491,297,304,245,168,179,104,74,3451,4,0,0,3,0,0,0,0,0,7,12,1174,552,2056,442,485,355,265,230,128,141,5832
507031170,211,45,41,32,28,25,22,13,696,7,0,0,0,0,0,0,0,0,5,10,1189,182,413,89,92,70,44,41,23,87,2232
507031172,0,0,0,0,0,0,0,0,3,0,0,0,0,0,0,0,0,0,0,0,9,0,0,0,0,0,0,0,0,0,9
507031173,0,0,0,0,0,0,0,0,3,0,0,0,0,0,0,0,0,0,0,0,4,0,0,0,0,0,0,0,0,0,5
507031174,324,101,97,79,83,57,29,21,1174,9,0,0,0,0,0,0,0,0,0,8,1719,229,538,153,142,110,113,71,40,89,3193
507031261,269,65,46,46,29,21,19,23,740,0,0,0,0,0,0,0,0,0,156,155,653,170,431,119,102,83,61,43,27,196,1872
507041175,294,82,85,108,103,110,50,47,1900,5,0,0,0,0,0,0,0,0,3,14,2227,476,538,129,164,163,162,136,55,91,4139
507041176,156,33,50,25,58,36,21,27,857,0,0,0,0,0,0,0,0,0,0,0,750,184,229,58,85,43,70,46,23,35,1519
507041177,192,39,75,49,32,47,13,24,889,3,0,0,0,0,0,0,0,0,6,9,1898,336,481,107,153,116,68,77,34,92,3364
507041178,452,117,142,138,97,118,56,37,2477,3,0,0,0,0,0,0,0,0,4,14,2812,592,770,194,241,198,149,158,80,88,5285
507041179,343,72,111,81,103,84,80,49,1878,0,0,0,0,0,0,0,0,0,4,4,1641,429,492,107,152,134,130,99,91,103,3372
507041180,293,73,62,80,54,61,37,38,1656,0,0,0,0,0,0,0,0,0,0,3,2132,484,627,121,136,121,83,88,50,65,3907
507041181,212,33,69,52,72,37,27,26,1244,14,0,0,3,0,0,0,0,0,23,43,2445,376,534,127,144,105,117,59,49,106,4054
507041182,371,77,123,184,201,240,148,58,2851,0,0,0,0,0,0,0,0,0,45,49,2476,464,588,124,181,219,226,294,185,162,4910
507041183,131,30,28,20,18,19,12,12,498,0,0,0,0,0,0,0,0,0,0,0,633,125,205,58,43,36,46,36,8,41,1232
507041184,183,32,56,52,37,28,13,26,1644,3,0,0,0,0,0,0,0,0,0,3,1686,393,287,57,69,66,39,44,15,40,2696
507051185,933,199,215,151,131,80,52,39,2452,4,0,4,0,0,0,0,0,0,3,10,3326,1100,2840,679,894,546,388,251,123,213,10366
507051186,146,29,40,37,34,21,12,15,532,8,0,0,0,0,0,0,0,0,3,15,1526,188,337,58,92,84,65,31,18,82,2480
507051187,188,38,40,33,11,29,4,27,671,3,0,0,0,0,0,0,0,0,10,16,1764,478,906,213,197,136,88,76,15,154,4036
507051188,262,61,72,76,49,48,30,22,1200,8,0,0,0,0,0,0,0,0,5,15,3363,375,692,155,202,162,131,111,44,131,5375
507051189,0,0,0,0,0,0,0,0,0,0,0,0,0,0,0,0,0,0,0,0,0,0,0,0,0,0,0,0,0,0,0
507051190,105,27,31,12,31,20,18,21,481,6,0,0,0,0,0,0,0,0,4,6,2087,222,469,104,128,83,81,51,24,128,3368
507051191,239,56,47,26,25,25,9,14,695,4,0,0,0,0,0,0,0,0,3,12,1872,683,1823,351,486,300,252,216,55,129,6173
507051192,247,54,64,56,36,28,23,16,837,0,0,0,0,0,0,0,0,0,8,10,1921,319,798,191,190,131,104,79,42,80,3853
507051193,104,27,30,38,15,17,13,15,460,0,0,0,0,0,0,0,0,0,3,5,1721,216,438,132,131,92,55,47,25,67,2927
509011225,248,40,52,71,26,49,27,61,911,8,0,0,0,0,0,0,0,0,8,18,1908,202,422,66,121,98,58,69,36,155,3127
509011226,14,0,4,0,0,0,3,5,68,0,0,0,0,0,0,0,0,0,0,0,419,48,39,5,9,10,8,0,3,19,557
509011227,49,3,7,12,3,5,0,3,138,6,0,0,0,0,0,0,0,0,0,6,571,81,108,26,18,22,15,7,5,19,871
509011228,28,7,3,5,3,11,0,4,147,0,0,0,0,0,0,0,0,0,0,0,1035,85,77,13,11,8,10,11,7,39,1287
509011229,18,3,13,10,4,4,3,6,83,0,0,0,0,0,0,0,0,0,3,4,149,35,45,11,28,21,20,27,4,19,352
509011230,241,26,34,40,29,20,16,21,503,0,3,0,0,0,0,0,0,0,0,4,298,66,273,39,45,45,34,33,20,42,896
509011231,29,3,0,9,3,14,8,3,100,3,0,0,0,0,0,0,0,0,0,10,306,42,79,6,5,17,12,25,15,23,529
509011232,6,0,3,3,0,0,7,3,70,0,0,0,0,0,0,0,0,0,61,61,449,40,32,7,6,8,0,0,7,74,614
509011233,199,13,31,21,26,11,12,18,518,3,0,0,0,0,0,0,0,0,3,3,1001,127,306,29,34,32,31,21,17,54,1659
509011234,62,9,17,25,15,9,3,10,238,0,0,0,0,0,0,0,0,0,6,13,648,65,109,20,24,29,23,13,9,42,979
509011235,0,0,0,0,0,0,0,0,0,0,0,0,0,0,0,0,0,0,0,0,0,0,0,0,0,0,0,0,0,0,0
509021236,13,4,5,0,4,3,3,0,129,0,0,0,0,0,0,0,0,0,0,0,761,193,178,7,21,14,19,7,4,40,1230
509021237,27,21,20,14,17,29,11,5,172,0,0,0,0,0,0,0,0,0,0,0,281,31,52,33,30,22,18,33,18,16,528
509021238,16,7,11,13,11,7,0,0,70,0,0,0,0,0,0,0,0,0,0,3,264,37,43,14,12,15,11,15,0,25,432
509021239,86,18,25,16,24,58,64,76,503,8,0,0,0,0,0,0,0,0,3,11,963,122,174,39,45,25,41,68,65,139,1683
509021240,37,9,15,26,17,49,35,40,267,0,0,0,0,0,0,0,0,0,0,0,338,48,89,18,31,31,34,65,37,64,755
509021241,33,19,28,41,17,7,7,20,209,0,0,0,0,0,0,0,0,0,0,0,290,69,66,31,60,62,33,13,13,34,666
509021242,41,3,3,9,0,4,0,7,96,0,0,0,0,0,0,0,0,0,0,0,291,61,112,32,18,24,16,16,4,20,589
509021243,132,23,30,31,30,24,11,19,452,3,0,0,0,0,0,0,0,0,425,429,1100,109,224,47,71,52,47,36,15,506,2208
509021244,9,0,3,0,3,3,0,4,109,4,0,0,0,0,0,0,0,0,0,6,732,52,48,14,11,5,3,9,5,42,929
509021245,26,11,9,4,3,3,0,3,118,3,0,0,0,0,0,0,0,0,0,6,655,60,62,17,16,7,9,11,5,42,881
509031246,19,0,3,0,6,3,0,4,78,0,0,0,0,0,0,0,0,0,0,3,301,19,53,3,8,0,8,11,5,18,431
509031247,28,3,12,10,4,14,3,4,117,0,0,0,0,0,0,0,0,0,0,0,257,49,74,25,24,14,8,27,9,19,492
509031248,50,23,0,4,0,3,3,0,121,0,0,0,0,0,0,0,0,0,0,0,276,48,111,33,27,15,6,5,4,15,546
509031249,86,19,13,19,13,19,9,3,252,0,0,0,0,0,0,0,0,0,0,3,352,45,120,27,27,31,19,31,16,27,693
509031250,13,3,4,3,0,7,0,3,66,0,0,0,0,0,0,0,0,0,0,0,381,28,46,17,18,9,3,15,8,28,553
510011262,251,63,50,48,82,106,53,66,966,4,0,0,0,0,5,0,0,0,8,20,1507,193,522,110,135,99,123,144,68,158,3062
510011263,69,11,14,21,26,26,19,23,269,0,0,0,0,0,0,0,0,0,0,4,412,58,132,29,39,33,41,40,25,49,855
510011264,22,8,10,17,3,21,6,11,116,0,0,0,0,0,0,0,0,0,0,0,138,21,41,15,16,21,15,33,11,20,314
510011265,96,17,26,37,41,45,25,32,439,0,0,0,0,0,0,0,0,0,3,3,705,85,206,51,53,57,62,66,45,70,1410
510011266,11,0,0,0,5,8,0,5,68,3,0,0,0,0,0,0,0,0,0,3,307,26,35,0,8,4,3,12,0,14,417
510021267,251,45,64,31,11,10,0,6,666,3,3,0,0,0,0,0,0,0,0,9,1110,318,661,161,182,85,45,28,9,53,2656
510021268,163,31,33,43,21,37,22,7,446,0,0,0,0,0,0,0,3,0,0,3,405,104,307,62,97,69,47,54,23,35,1193
510021269,156,19,32,23,23,20,13,21,428,0,0,0,0,0,0,0,0,0,0,4,483,123,338,83,79,45,45,44,18,54,1309
510021270,274,65,93,100,80,90,28,31,999,0,0,3,0,0,0,0,0,0,3,8,537,177,527,131,166,159,143,120,38,71,2075
510031271,716,130,160,102,77,55,26,35,2132,12,0,9,0,0,0,0,0,0,3,21,2559,858,1821,448,487,251,165,110,49,140,6885
510031272,541,120,148,101,128,120,80,44,1617,6,0,0,0,0,0,0,0,0,0,12,1122,360,1002,246,296,208,206,149,100,151,3825
510031273,144,22,30,31,19,33,12,19,428,3,3,0,0,0,0,0,0,0,7,16,561,145,287,62,74,57,29,44,16,67,1343
511011274,87,19,17,13,20,6,11,17,316,3,0,0,0,0,0,0,0,0,0,3,849,161,217,55,50,54,35,30,12,79,1545
511011275,33,8,12,3,16,12,6,3,142,0,0,0,0,0,0,0,0,0,0,0,278,48,77,22,33,20,36,15,12,15,561
511021276,77,9,28,21,22,23,24,37,480,3,0,0,0,0,0,0,0,0,0,3,655,63,122,20,48,36,33,32,31,74,1114
511021277,47,19,19,24,18,22,22,15,305,3,3,0,0,0,0,0,0,0,0,9,1010,89,148,46,39,46,46,46,41,64,1575
511031278,131,28,41,17,14,16,14,11,392,3,0,0,0,0,0,0,0,0,7,14,504,105,342,96,95,33,39,33,20,48,1314
511031279,530,156,184,127,100,105,56,35,1633,0,0,3,0,0,0,0,0,0,0,5,950,363,1034,293,350,227,177,160,88,113,3748
511031280,237,89,59,52,32,29,18,21,709,0,0,0,0,0,0,0,0,0,0,4,611,224,550,203,166,120,62,57,35,65,2088
511031281,0,0,0,0,0,0,0,0,0,0,0,0,0,0,0,0,0,0,0,0,0,0,0,0,0,0,0,0,0,0,0
511031282,75,19,9,15,3,6,14,10,246,0,0,0,0,0,0,0,0,0,0,3,469,106,221,74,54,32,25,31,24,61,1085
511031283,103,18,32,15,8,3,7,5,320,0,0,0,0,0,0,0,0,0,0,0,554,160,299,77,104,38,40,22,21,46,1366
511031284,0,0,0,0,0,0,0,0,0,0,0,0,0,0,0,0,0,0,0,0,0,0,0,0,0,0,0,0,0,0,0
511041285,154,53,49,73,49,59,16,31,703,4,0,0,0,0,0,0,0,3,0,4,1043,121,252,79,80,99,65,81,28,88,1939
511041286,57,21,31,8,7,6,15,3,269,0,0,0,0,0,0,0,0,0,12,13,481,75,111,47,41,7,15,11,11,37,836
511041287,72,26,25,12,14,13,3,11,253,0,0,0,0,0,0,0,0,0,0,3,513,72,183,56,66,24,26,23,3,28,1013
511041288,255,68,62,51,52,40,19,22,724,4,0,0,0,0,0,0,0,0,0,3,646,170,435,127,127,96,67,60,24,53,1804
511041289,5,0,0,0,0,0,3,4,60,0,0,3,0,0,0,0,0,0,0,3,393,32,52,10,8,5,3,0,0,16,522
511041290,94,10,10,11,12,7,0,5,255,0,0,0,0,0,0,0,0,0,0,5,494,108,225,49,56,28,27,24,3,22,1031
511041291,18,13,11,11,10,12,18,5,128,0,0,0,0,0,0,0,0,0,0,0,333,39,63,26,37,22,12,18,26,23,604
511041292,33,9,7,7,11,5,0,3,149,0,0,0,0,0,0,0,0,0,0,0,684,54,58,17,14,19,19,13,4,28,922
597979799,49,12,21,17,18,10,4,5,242,0,0,0,0,0,0,0,0,0,0,3,443,107,177,32,46,31,41,31,14,33,954
